FIPS,HR_UID,nameid,province,region,analysisTime,dates,compute_time,divergences,draws,tunes,pointprevalence_025,pointprevalence_50,pointprevalence_975,pointinfections_025,pointinfections_50,pointinfections_975,pointinfectious_025,pointinfectious_50,pointinfectious_975,pointinfectiousprevalence_025,pointinfectiousprevalence_50,pointinfectiousprevalence_975,infectrate_025,infectrate_50,infectrate_975
0,4833,CanadaAlbertaCentral,Alberta,Central,2020-07-31 13:29:03.384788,2020-07-31 00:00:00.000000,0:48:17.953616,43.00000000,20.00000000,100.00000000,0.06119898,0.18005990,0.32206028,291,858,1535,86,466,905,0.01810064,0.09782628,0.18989892,0.44808781,0.93701524,1.38753522
0,4834,CanadaAlbertaEdmonton,Alberta,Edmonton,2020-07-31 13:23:37.230922,2020-07-31 00:00:00.000000,0:43:30.007673,42.00000000,20.00000000,100.00000000,0.04278483,0.07183177,0.14076613,606,1018,1995,242,536,1073,0.01712115,0.03781641,0.07569500,0.46156348,0.74419723,1.24544201
0,4831,CanadaAlbertaSouth,Alberta,South,2020-07-31 13:21:15.610613,2020-07-31 00:00:00.000000,0:41:29.790446,43.00000000,20.00000000,100.00000000,0.04361219,0.11936082,0.28202364,132,362,857,46,183,419,0.01530533,0.06035749,0.13806969,0.59238727,0.91217794,1.89803519
0,4603,CanadaManitobaInterlake-Eastern,Manitoba,Interlake-Eastern,2020-07-31 13:10:47.581639,2020-07-31 00:00:00.000000,0:37:58.897103,56.00000000,20.00000000,100.00000000,0.05874679,0.08556538,0.15863343,77,112,209,39,66,119,0.02972408,0.05026615,0.09039275,0.51037999,0.66785526,0.97595848
4027,0,USArizonaYuma,Arizona,Yuma,2020-07-31 05:33:27.155599,2020-07-31 00:00:00.000000,0:59:44.799908,47.00000000,20.00000000,100.00000000,4.47996012,10.41275823,13.97733445,9577,22261,29881,8642,21834,29505,4.04236597,10.21328039,13.80141837,0.89232912,1.09051528,1.48654166
5081,0,USArkansasLittleRiver,Arkansas,Little River,2020-07-31 05:22:18.509891,2020-07-31 00:00:00.000000,0:54:36.621802,49.00000000,20.00000000,100.00000000,8.02369356,10.78262162,23.47062391,983,1321,2877,39,699,1744,0.32157193,5.70566215,14.22806491,1.66332960,1.98096132,2.65626396
5099,0,USArkansasNevada,Arkansas,Nevada,2020-07-31 05:24:45.114661,2020-07-31 00:00:00.000000,0:58:21.318880,42.00000000,20.00000000,100.00000000,0.06466065,0.20773429,1.32179834,5,17,109,2,15,91,0.02861419,0.19243295,1.10952394,0.33351681,1.07532105,1.88644216
5109,0,USArkansasPike,Arkansas,Pike,2020-07-31 05:26:08.226769,2020-07-31 00:00:00.000000,1:01:13.384461,44.00000000,20.00000000,100.00000000,1.19581037,2.05307481,2.85105574,128,220,305,0,1,105,0.00000000,0.01125646,0.98364995,1.11807057,1.87193913,2.96293812
5145,0,USArkansasWhite,Arkansas,White,2020-07-31 05:07:06.355123,2020-07-31 00:00:00.000000,0:44:50.035236,45.00000000,20.00000000,100.00000000,0.31114716,0.67141872,1.16277735,245,528,915,112,269,441,0.14295183,0.34198626,0.56012684,0.72804618,0.89593057,1.10269100
6015,0,USCaliforniaDelNorte,California,Del Norte,2020-07-31 05:09:38.590404,2020-07-31 00:00:00.000000,0:49:19.872796,43.00000000,20.00000000,100.00000000,0.08299961,0.26691439,0.74330634,23,74,206,23,55,131,0.08299961,0.19834845,0.47444749,0.93076171,1.42675457,1.79761323
6043,0,USCaliforniaMariposa,California,Mariposa,2020-07-31 05:04:52.778005,2020-07-31 00:00:00.000000,0:46:06.741427,44.00000000,20.00000000,100.00000000,0.19882715,0.36676106,3.81212641,34,63,655,0,29,52,0.00000000,0.17192318,0.30352389,0.93010977,1.29545109,1.59829297
6061,0,USCaliforniaPlacer,California,Placer,2020-07-31 05:22:14.478104,2020-07-31 00:00:00.000000,1:04:40.018401,61.00000000,20.00000000,100.00000000,0.26195333,0.44533967,0.68081206,1043,1773,2711,544,975,1865,0.13676196,0.24494951,0.46831561,0.37240189,0.69438542,0.99609341
6087,0,USCaliforniaSantaCruz,California,Santa Cruz,2020-07-31 05:08:39.818633,2020-07-31 00:00:00.000000,0:52:23.698495,42.00000000,20.00000000,100.00000000,0.61192310,5.73004244,80.68799248,1671,15655,220450,1000,3767,98517,0.36629222,1.37905592,36.05875113,0.31667878,0.53838160,0.84234613
8125,0,USColoradoYuma,Colorado,Yuma,2020-07-31 04:59:31.832639,2020-07-31 00:00:00.000000,0:50:43.082873,58.00000000,20.00000000,100.00000000,0.03667056,0.05259426,0.10239208,3,5,10,0,1,3,0.00038159,0.01821372,0.03270544,0.23561759,0.51646878,0.64686640
9009,0,USConnecticutNewHaven,Connecticut,New Haven,2020-07-31 04:42:22.878932,2020-07-31 00:00:00.000000,0:34:21.067841,41.00000000,20.00000000,100.00000000,0.00484494,5.59863208,72.39239456,41,47854,618779,35,46586,617326,0.00413444,5.45020791,72.22249939,0.41155725,1.04889888,3.71555861
12007,0,USFloridaBradford,Florida,Bradford,2020-07-31 04:56:40.572796,2020-07-31 00:00:00.000000,0:50:44.005095,48.00000000,20.00000000,100.00000000,2.60396459,10.22864861,24.16316473,734,2884,6814,0,653,3633,0.00000000,2.31577217,12.88480213,1.00726107,1.72134202,2.50248221
12029,0,USFloridaDixie,Florida,Dixie,2020-07-31 04:45:20.745036,2020-07-31 00:00:00.000000,0:41:04.525530,73.00000000,20.00000000,100.00000000,0.46810660,1.04643271,1.67373943,78,176,281,30,89,164,0.17942195,0.53190527,0.97779472,0.61569051,0.87817958,1.42954797
12039,0,USFloridaGadsden,Florida,Gadsden,2020-07-31 05:04:27.191541,2020-07-31 00:00:00.000000,1:01:07.839800,55.00000000,20.00000000,100.00000000,1.69484376,2.51368075,5.40785382,773,1147,2469,282,473,1399,0.61803502,1.03725163,3.06610426,1.02785753,1.36675088,1.93275763
12043,0,USFloridaGlades,Florida,Glades,2020-07-31 04:52:07.520766,2020-07-31 00:00:00.000000,0:49:04.701028,55.00000000,20.00000000,100.00000000,3.62111372,9.12364238,14.53711398,500,1260,2007,74,365,860,0.53811672,2.64932371,6.23343079,1.92921034,2.66453257,3.49936559
12069,0,USFloridaLake,Florida,Lake,2020-07-31 05:16:57.509240,2020-07-31 00:00:00.000000,1:15:53.660606,51.00000000,20.00000000,100.00000000,0.53390628,0.68591979,0.93358586,1960,2518,3427,1072,1480,2256,0.29212749,0.40324486,0.61459571,0.42422206,0.58624890,0.72222870
12083,0,USFloridaMarion,Florida,Marion,2020-07-31 05:24:45.643365,2020-07-31 00:00:00.000000,1:25:00.219792,42.00000000,20.00000000,100.00000000,2.13570764,4.24176245,8.73638937,7807,15506,31938,4024,8173,16792,1.10090485,2.23583111,4.59327528,0.66966773,0.95074524,1.25992932
12087,0,USFloridaMonroe,Florida,Monroe,2020-07-31 04:49:11.730031,2020-07-31 00:00:00.000000,0:49:44.596832,50.00000000,20.00000000,100.00000000,0.95915398,3.87759085,12.53342143,711,2878,9303,362,1570,6699,0.48853330,2.11586996,9.02561813,0.45559005,0.57432405,3.65184457
12111,0,USFloridaSt.Lucie,Florida,St. Lucie,2020-07-31 05:14:21.044845,2020-07-31 00:00:00.000000,1:16:50.957695,52.00000000,20.00000000,100.00000000,1.11314984,2.05277431,2.86484716,3654,6739,9405,1455,2257,5506,0.44321790,0.68753116,1.67731712,0.56739869,0.76844864,0.95359923
12119,0,USFloridaSumter,Florida,Sumter,2020-07-31 05:13:24.304926,2020-07-31 00:00:00.000000,1:16:25.595635,41.00000000,20.00000000,100.00000000,0.16108217,0.41902519,0.81727157,213,554,1082,146,284,737,0.11050510,0.21463441,0.55684194,0.36566461,0.63123210,1.20468634
12121,0,USFloridaSuwannee,Florida,Suwannee,2020-07-31 04:52:52.239629,2020-07-31 00:00:00.000000,0:56:05.939603,44.00000000,20.00000000,100.00000000,0.81121039,1.70932761,2.76886292,360,759,1229,190,466,703,0.42854947,1.05044997,1.58418338,0.53918932,0.82576064,1.18261119
12129,0,USFloridaWakulla,Florida,Wakulla,2020-07-31 04:53:26.362214,2020-07-31 00:00:00.000000,0:57:44.525025,43.00000000,20.00000000,100.00000000,1.44635636,4.93733822,14.41248041,487,1665,4862,30,447,1414,0.09112304,1.32743386,4.19219972,0.92504994,1.19753095,1.76098527
12133,0,USFloridaWashington,Florida,Washington,2020-07-31 04:48:09.570881,2020-07-31 00:00:00.000000,0:52:37.890163,64.00000000,20.00000000,100.00000000,0.77360460,1.44013295,2.57313308,197,366,655,98,164,349,0.38584288,0.64597696,1.37355111,0.76298549,0.88697586,1.65154639
13105,0,USGeorgiaElbert,Georgia,Elbert,2020-07-31 04:38:49.107751,2020-07-31 00:00:00.000000,0:52:00.042082,45.00000000,20.00000000,100.00000000,0.49837089,1.02201427,2.16210308,95,196,414,32,87,243,0.16732002,0.45760060,1.26616005,0.80331214,1.10136130,1.73442153
13117,0,USGeorgiaForsyth,Georgia,Forsyth,2020-07-31 04:51:17.831797,2020-07-31 00:00:00.000000,1:05:53.352115,50.00000000,20.00000000,100.00000000,0.40477388,0.76224631,1.58369470,988,1861,3868,564,967,2858,0.23123469,0.39619848,1.17046938,0.23350965,0.51368037,0.69019161
13123,0,USGeorgiaGilmer,Georgia,Gilmer,2020-07-31 04:35:14.363968,2020-07-31 00:00:00.000000,0:50:53.929809,61.00000000,20.00000000,100.00000000,0.34055133,0.89493159,2.12268194,106,280,665,47,141,311,0.15041618,0.45179675,0.99270306,0.55639041,0.81042464,1.13890567
13207,0,USGeorgiaMonroe,Georgia,Monroe,2020-07-31 04:19:31.761588,2020-07-31 00:00:00.000000,0:42:06.460121,52.00000000,20.00000000,100.00000000,0.79167617,1.28130292,2.84529556,218,353,784,96,185,550,0.35037435,0.67142119,1.99576384,0.64711982,0.84868183,1.02676340
13219,0,USGeorgiaOconee,Georgia,Oconee,2020-07-31 04:30:08.813318,2020-07-31 00:00:00.000000,0:53:15.678671,47.00000000,20.00000000,100.00000000,0.18469943,0.52726430,1.08012090,74,212,435,38,87,198,0.09651904,0.21745270,0.49301123,0.60257109,0.73757797,0.92919230
13295,0,USGeorgiaWalker,Georgia,Walker,2020-07-31 04:27:30.672433,2020-07-31 00:00:00.000000,0:56:41.795814,49.00000000,20.00000000,100.00000000,0.43606940,0.97343664,1.57231374,304,679,1096,113,209,645,0.16312801,0.30084802,0.92484011,0.78584693,1.15685323,1.94445205
16027,0,USIdahoCanyon,Idaho,Canyon,2020-07-31 04:22:21.171573,2020-07-31 00:00:00.000000,0:55:17.966006,54.00000000,20.00000000,100.00000000,1.26620267,1.83794606,17.44214259,2910,4224,40090,1850,2439,35702,0.80525799,1.06156350,15.53306457,0.34001217,0.58612480,2.30854286
16039,0,USIdahoElmore,Idaho,Elmore,2020-07-31 04:16:29.221239,2020-07-31 00:00:00.000000,0:50:02.281994,54.00000000,20.00000000,100.00000000,1.13285246,2.92859909,6.54210295,311,805,1799,151,322,866,0.55193759,1.17368416,3.15010671,1.18715406,1.83399725,2.66165292
17001,0,USIllinoisAdams,Illinois,Adams,2020-07-31 04:12:04.145000,2020-07-31 00:00:00.000000,0:49:16.919602,49.00000000,20.00000000,100.00000000,0.19960520,0.67537039,1.25141923,130,441,818,54,231,405,0.08317355,0.35352804,0.62016833,0.54427507,0.78437633,1.12387857
17075,0,USIllinoisIroquois,Illinois,Iroquois,2020-07-31 04:07:37.214690,2020-07-31 00:00:00.000000,0:48:37.576734,59.00000000,20.00000000,100.00000000,0.73311092,1.04874013,2.23825021,198,284,606,0,106,536,0.00000000,0.39283475,1.97927087,1.68545181,1.98405387,2.40073542
17077,0,USIllinoisJackson,Illinois,Jackson,2020-07-31 04:14:51.370504,2020-07-31 00:00:00.000000,0:56:13.543491,50.00000000,20.00000000,100.00000000,0.82728148,1.50870436,3.36641081,469,856,1910,0,392,993,0.00000000,0.69101960,1.75029967,1.01233607,1.16701925,1.39579908
17103,0,USIllinoisLee,Illinois,Lee,2020-07-31 04:06:18.456855,2020-07-31 00:00:00.000000,0:49:35.634191,42.00000000,20.00000000,100.00000000,0.03914186,0.12692513,0.60344847,13,43,205,3,21,115,0.01084659,0.06350747,0.33948493,0.45097637,0.83140318,1.75208001
17113,0,USIllinoisMcLean,Illinois,McLean,2020-07-31 04:18:18.444995,2020-07-31 00:00:00.000000,1:02:40.858561,45.00000000,20.00000000,100.00000000,0.10309793,0.22200704,0.49025012,176,380,840,0,203,514,0.00000000,0.11850613,0.30003299,0.44535342,0.75973144,0.99483163
17135,0,USIllinoisMontgomery,Illinois,Montgomery,2020-07-31 04:09:16.875884,2020-07-31 00:00:00.000000,0:54:45.145125,46.00000000,20.00000000,100.00000000,0.14648508,0.29872663,0.81614100,41,84,231,0,26,101,0.00000000,0.09493721,0.35787875,0.58617911,1.04776623,1.90813723
17137,0,USIllinoisMorgan,Illinois,Morgan,2020-07-31 04:16:11.812637,2020-07-31 00:00:00.000000,1:01:41.667700,47.00000000,20.00000000,100.00000000,0.02900455,0.31022809,0.76735253,9,104,258,0,0,33,0.00000000,0.00000000,0.10068996,0.63506233,1.33062918,1.65264513
17145,0,USIllinoisPerry,Illinois,Perry,2020-07-31 03:58:11.407540,2020-07-31 00:00:00.000000,0:44:01.151710,57.00000000,20.00000000,100.00000000,0.41438375,0.91999626,2.07638417,86,192,434,7,87,201,0.03500836,0.41683154,0.96316958,0.91368504,1.42044091,1.88549794
17165,0,USIllinoisSaline,Illinois,Saline,2020-07-31 04:08:42.582702,2020-07-31 00:00:00.000000,0:55:27.832877,45.00000000,20.00000000,100.00000000,0.20159609,3.79945596,13.94930176,47,892,3276,0,780,3186,0.00000000,3.32405248,13.56305071,1.11000259,1.49466486,4.40078951
17183,0,USIllinoisVermilion,Illinois,Vermilion,2020-07-31 03:55:23.830985,2020-07-31 00:00:00.000000,0:42:51.662444,45.00000000,20.00000000,100.00000000,0.87768567,1.91963697,13.45123066,664,1454,10190,131,312,1898,0.17362302,0.41250846,2.50544782,0.52291817,0.96847417,1.95660742
18015,0,USIndianaCarroll,Indiana,Carroll,2020-07-31 03:54:05.095354,2020-07-31 00:00:00.000000,0:43:28.739141,54.00000000,20.00000000,100.00000000,0.02080793,0.03779915,0.12973716,4,7,26,1,3,14,0.00683511,0.01958661,0.07044628,0.25827446,0.51911341,1.17896540
18025,0,USIndianaCrawford,Indiana,Crawford,2020-07-31 03:51:49.811966,2020-07-31 00:00:00.000000,0:42:23.019960,41.00000000,20.00000000,100.00000000,0.08665661,0.11392780,0.30786145,9,12,32,0,2,9,0.00185165,0.02450775,0.08923148,0.23572140,0.45475456,0.94982797
18037,0,USIndianaDubois,Indiana,Dubois,2020-07-31 03:50:38.461031,2020-07-31 00:00:00.000000,0:41:34.847607,70.00000000,20.00000000,100.00000000,0.34955741,2.15235437,4.02094598,149,919,1718,32,618,1188,0.07523434,1.44674580,2.78044597,0.51705940,0.66080530,1.80069033
18041,0,USIndianaFayette,Indiana,Fayette,2020-07-31 03:54:21.995560,2020-07-31 00:00:00.000000,0:46:12.262717,45.00000000,20.00000000,100.00000000,0.09001760,0.22821554,0.98699847,20,52,228,1,24,58,0.00797465,0.10748647,0.25240135,0.71695874,1.02320680,1.72693462
18049,0,USIndianaFulton,Indiana,Fulton,2020-07-31 03:59:09.831536,2020-07-31 00:00:00.000000,0:51:29.950758,50.00000000,20.00000000,100.00000000,0.48636225,1.39456930,2.91124421,97,278,581,0,121,239,0.00000000,0.60676672,1.20112164,0.76044229,1.35329002,2.99575637
18053,0,USIndianaGrant,Indiana,Grant,2020-07-31 04:05:56.428128,2020-07-31 00:00:00.000000,0:58:28.456045,44.00000000,20.00000000,100.00000000,0.15334646,0.27667158,0.97712388,100,181,642,17,89,364,0.02723738,0.13562899,0.55433827,0.53054265,1.02243139,1.50821450
18103,0,USIndianaMiami,Indiana,Miami,2020-07-31 04:09:36.544549,2020-07-31 00:00:00.000000,1:05:37.687530,43.00000000,20.00000000,100.00000000,0.09962469,0.16719559,0.37688447,35,59,133,2,38,113,0.00703802,0.10772253,0.32047783,0.81021010,1.14335207,1.72070321
18113,0,USIndianaNoble,Indiana,Noble,2020-07-31 04:04:14.921656,2020-07-31 00:00:00.000000,1:01:34.771491,46.00000000,20.00000000,100.00000000,0.17494197,0.43045941,1.73558406,83,205,828,37,82,215,0.07934079,0.17321710,0.45192502,0.23257199,0.40689036,0.55761367
18123,0,USIndianaPerry,Indiana,Perry,2020-07-31 03:56:33.362174,2020-07-31 00:00:00.000000,0:54:39.380145,44.00000000,20.00000000,100.00000000,0.03888272,0.07299600,0.15508128,7,13,29,2,5,13,0.01412595,0.03046920,0.07231902,0.57020175,0.76436078,1.20675477
18151,0,USIndianaSteuben,Indiana,Steuben,2020-07-31 03:49:14.352708,2020-07-31 00:00:00.000000,0:50:04.341447,51.00000000,20.00000000,100.00000000,0.13170062,0.30571527,0.63544850,45,105,219,0,32,110,0.00000000,0.09398983,0.31866740,0.65369045,1.29188040,1.50464584
18169,0,USIndianaWabash,Indiana,Wabash,2020-07-31 03:39:02.793930,2020-07-31 00:00:00.000000,0:41:01.984883,58.00000000,20.00000000,100.00000000,0.08392929,0.15628564,0.56866804,26,48,176,8,23,92,0.02880837,0.07602172,0.29999227,0.77125173,1.04223495,1.48354126
19013,0,USIowaBlackHawk,Iowa,Black Hawk,2020-07-31 04:18:43.900558,2020-07-31 00:00:00.000000,1:22:31.561214,42.00000000,20.00000000,100.00000000,0.19717087,0.46977504,0.88375161,258,616,1159,0,212,548,0.00000000,0.16200166,0.41795174,0.66304193,1.16047882,1.56082146
19021,0,USIowaBuenaVista,Iowa,Buena Vista,2020-07-31 03:53:22.528681,2020-07-31 00:00:00.000000,0:57:21.740707,42.00000000,20.00000000,100.00000000,0.01693058,0.04012646,0.16178249,3,7,31,0,0,3,0.00000000,0.00063663,0.01595997,0.54553604,2.49357345,18.57881019
19049,0,USIowaDallas,Iowa,Dallas,2020-07-31 03:50:48.439679,2020-07-31 00:00:00.000000,0:56:52.219252,51.00000000,20.00000000,100.00000000,0.27946935,0.43980331,1.24367536,261,411,1162,103,214,544,0.11038220,0.22963582,0.58268740,0.64138430,1.10483773,1.77789614
19077,0,USIowaGuthrie,Iowa,Guthrie,2020-07-31 03:31:33.956897,2020-07-31 00:00:00.000000,0:40:04.588344,63.00000000,20.00000000,100.00000000,0.13704106,0.42662760,1.19612110,14,45,127,0,6,70,0.00000000,0.06336784,0.65620121,0.68944184,0.89042779,1.13994693
19099,0,USIowaJasper,Iowa,Jasper,2020-07-31 03:38:57.484449,2020-07-31 00:00:00.000000,0:49:11.303712,49.00000000,20.00000000,100.00000000,0.10383047,0.23231760,0.49042087,38,86,182,13,36,85,0.03764217,0.09873076,0.22996758,0.85869430,1.16606345,1.52991270
19117,0,USIowaLucas,Iowa,Lucas,2020-07-31 03:38:41.630291,2020-07-31 00:00:00.000000,0:50:28.989405,44.00000000,20.00000000,100.00000000,0.07201022,0.15505836,0.45294671,6,13,38,0,5,14,0.00707232,0.06488593,0.16333893,0.75610308,0.97293772,1.90481373
19133,0,USIowaMonona,Iowa,Monona,2020-07-31 03:37:45.039117,2020-07-31 00:00:00.000000,0:50:45.509766,45.00000000,20.00000000,100.00000000,0.06286312,0.14688944,0.34804564,5,12,29,0,2,6,0.00082933,0.03385451,0.08003264,0.28935327,0.92985400,1.27261979
19151,0,USIowaPocahontas,Iowa,Pocahontas,2020-07-31 03:43:49.278771,2020-07-31 00:00:00.000000,0:58:07.371246,47.00000000,20.00000000,100.00000000,0.06102264,0.12309745,0.30787284,4,8,20,0,3,8,0.00000000,0.04983207,0.12365189,0.50814908,0.86628669,1.71035012
19157,0,USIowaPoweshiek,Iowa,Poweshiek,2020-07-31 03:29:32.401832,2020-07-31 00:00:00.000000,0:44:06.299152,55.00000000,20.00000000,100.00000000,0.37923654,0.83575871,2.58002995,70,154,477,11,65,216,0.06057628,0.35292214,1.17048667,1.08411953,1.88198069,2.47568336
19179,0,USIowaWapello,Iowa,Wapello,2020-07-31 04:06:27.278176,2020-07-31 00:00:00.000000,1:22:36.357208,48.00000000,20.00000000,100.00000000,0.20383726,0.38849038,1.52597224,71,135,533,0,89,455,0.00000000,0.25686784,1.30401098,1.03759368,1.59793640,2.60121550
20055,0,USKansasFinney,Kansas,Finney,2020-07-31 03:19:21.411830,2020-07-31 00:00:00.000000,0:40:10.656653,57.00000000,20.00000000,100.00000000,0.04744399,1.71234475,89.70778981,17,624,32713,8,307,32694,0.02410554,0.84448356,89.65457144,0.88387114,2.72073471,7.00219433
20091,0,USKansasJohnson,Kansas,Johnson,2020-07-31 03:56:54.422575,2020-07-31 00:00:00.000000,1:19:29.960056,46.00000000,20.00000000,100.00000000,0.41659447,0.61491852,1.18224075,2509,3704,7121,1523,2286,5812,0.25288885,0.37953552,0.96490411,0.27439096,0.43325956,0.55242600
20119,0,USKansasMeade,Kansas,Meade,2020-07-31 03:18:27.800611,2020-07-31 00:00:00.000000,0:42:17.815021,60.00000000,20.00000000,100.00000000,0.09972620,0.30320816,1.24583278,4,12,50,1,4,17,0.03656153,0.12383789,0.43129564,0.37883569,1.27211271,1.75359245
20155,0,USKansasReno,Kansas,Reno,2020-07-31 03:28:03.984331,2020-07-31 00:00:00.000000,0:54:51.717415,48.00000000,20.00000000,100.00000000,0.13715036,0.28588377,0.72198680,85,177,447,16,68,181,0.02608946,0.11126543,0.29264087,0.73053449,1.08399605,1.73662163
20173,0,USKansasSedgwick,Kansas,Sedgwick,2020-07-31 03:55:11.691909,2020-07-31 00:00:00.000000,1:22:30.200784,41.00000000,20.00000000,100.00000000,0.86932774,1.17335513,3.26493116,4486,6055,16848,2172,3555,10852,0.42100842,0.68899587,2.10310992,0.32733329,0.53099672,0.78325687
21033,0,USKentuckyCaldwell,Kentucky,Caldwell,2020-07-31 03:11:54.367368,2020-07-31 00:00:00.000000,0:42:32.735348,62.00000000,20.00000000,100.00000000,0.05744475,0.11446094,0.53696754,7,14,68,0,7,32,0.00000000,0.05926156,0.25793415,0.49001936,0.78215697,1.10086949
21083,0,USKentuckyGraves,Kentucky,Graves,2020-07-31 03:11:28.093663,2020-07-31 00:00:00.000000,0:47:04.712020,63.00000000,20.00000000,100.00000000,0.27829640,0.46795702,1.36800357,103,174,509,29,95,286,0.07926668,0.25555767,0.76982699,0.68342413,0.95442846,1.71896042
21085,0,USKentuckyGrayson,Kentucky,Grayson,2020-07-31 03:10:00.258910,2020-07-31 00:00:00.000000,0:45:33.823930,49.00000000,20.00000000,100.00000000,0.04859258,0.10559192,0.22519639,12,27,59,0,6,19,0.00233232,0.02362981,0.07447679,1.15500681,1.51690850,1.84823990
21185,0,USKentuckyOldham,Kentucky,Oldham,2020-07-31 03:04:22.988567,2020-07-31 00:00:00.000000,0:46:28.958313,50.00000000,20.00000000,100.00000000,0.57052862,0.82293545,14.56909316,381,549,9732,0,235,7684,0.00000000,0.35253342,11.50363810,0.72669871,0.97560865,3.01779315
22027,0,USLouisianaClaiborne,Louisiana,Claiborne,2020-07-31 02:57:57.728246,2020-07-31 00:00:00.000000,0:45:12.465942,44.00000000,20.00000000,100.00000000,0.49676186,1.16920334,2.84043467,77,183,445,32,83,197,0.20461489,0.53059602,1.26066325,0.85677505,1.18587670,1.72662102
22035,0,USLouisianaEastCarroll,Louisiana,East Carroll,2020-07-31 03:14:13.908838,2020-07-31 00:00:00.000000,0:45:21.452040,49.00000000,20.00000000,100.00000000,0.09855572,0.27326996,0.67525251,6,18,46,3,11,26,0.05091870,0.16510829,0.38636489,0.71808735,1.59428647,2.44369488
22039,0,USLouisianaEvangeline,Louisiana,Evangeline,2020-07-31 03:01:59.865995,2020-07-31 00:00:00.000000,0:49:54.854482,42.00000000,20.00000000,100.00000000,1.28581515,2.17475348,5.09243965,429,726,1700,199,460,1063,0.59883340,1.37826847,3.18381578,0.71060017,0.88741965,1.21915240
22057,0,USLouisianaLafourche,Louisiana,Lafourche,2020-07-31 02:55:33.595611,2020-07-31 00:00:00.000000,0:45:10.884222,42.00000000,20.00000000,100.00000000,0.42986539,1.19787467,2.35590014,419,1169,2299,57,586,1596,0.05891616,0.60055375,1.63506743,0.43046876,0.58540536,0.66088558
24041,0,USMarylandTalbot,Maryland,Talbot,2020-07-31 02:49:29.133686,2020-07-31 00:00:00.000000,0:48:35.715015,41.00000000,20.00000000,100.00000000,0.42834700,1.35967226,5.00994750,159,505,1862,33,99,564,0.09012103,0.26757184,1.51743683,0.47798386,0.84397139,1.48241751
25021,0,USMassachusettsNorfolk,Massachusetts,Norfolk,2020-07-31 02:53:02.903140,2020-07-31 00:00:00.000000,0:53:50.614367,41.00000000,20.00000000,100.00000000,0.01646683,0.30246579,63.33052454,116,2137,447604,106,1360,445938,0.01501095,0.19249590,63.09484564,0.41022340,0.99485744,1.97392487
26069,0,USMichiganIosco,Michigan,Iosco,2020-07-31 02:47:38.412078,2020-07-31 00:00:00.000000,0:53:53.142801,41.00000000,20.00000000,100.00000000,0.02446069,0.03356748,0.04476245,6,8,11,0,3,6,0.00000000,0.01401736,0.02452161,0.35326925,0.53851466,0.89627959
26073,0,USMichiganIsabella,Michigan,Isabella,2020-07-31 02:43:09.740900,2020-07-31 00:00:00.000000,0:49:40.493950,43.00000000,20.00000000,100.00000000,0.02444242,0.05574667,0.20433052,17,38,142,7,18,70,0.01029568,0.02624954,0.10154393,0.30653903,0.65373526,1.02617430
26075,0,USMichiganJackson,Michigan,Jackson,2020-07-31 03:03:27.430909,2020-07-31 00:00:00.000000,1:10:10.233669,41.00000000,20.00000000,100.00000000,0.02839687,0.10759557,0.25165058,45,170,398,1,70,290,0.00084057,0.04477728,0.18330367,0.48210990,0.76281437,1.57902119
26087,0,USMichiganLapeer,Michigan,Lapeer,2020-07-31 02:43:16.580771,2020-07-31 00:00:00.000000,0:50:12.392845,44.00000000,20.00000000,100.00000000,0.09379679,0.19502097,0.48264749,82,170,422,27,83,218,0.03178688,0.09499952,0.24993660,0.63138909,1.17376671,1.49167873
26125,0,USMichiganOakland,Michigan,Oakland,2020-07-31 02:58:33.486171,2020-07-31 00:00:00.000000,1:07:36.172315,47.00000000,20.00000000,100.00000000,0.00072789,0.08826525,2.04813188,9,1110,25756,7,1039,24876,0.00056592,0.08265643,1.97810527,0.47758241,0.65757338,1.54055966
26127,0,USMichiganOceana,Michigan,Oceana,2020-07-31 02:59:48.140969,2020-07-31 00:00:00.000000,1:09:00.494179,44.00000000,20.00000000,100.00000000,0.03986358,0.15506709,0.68821169,10,41,182,0,15,87,0.00264605,0.06025823,0.33171430,0.56162572,0.99498588,1.45681011
26135,0,USMichiganOscoda,Michigan,Oscoda,2020-08-01 18:22:18.457239,2020-08-01 00:00:00.000000,0:44:46.153249,48.00000000,20.00000000,100.00000000,0.06515307,0.08561083,0.17059532,5,7,14,1,2,6,0.01802925,0.03170444,0.08187604,0.30596394,0.68359934,1.14193893
26139,0,USMichiganOttawa,Michigan,Ottawa,2020-07-31 02:57:15.484447,2020-07-31 00:00:00.000000,1:07:24.141358,41.00000000,20.00000000,100.00000000,0.06872516,0.16384542,0.35136443,200,478,1025,79,183,517,0.02725897,0.06289682,0.17732193,0.35728918,0.56906879,1.18903751
27013,0,USMinnesotaBlueEarth,Minnesota,Blue Earth,2020-07-31 03:07:27.778490,2020-07-31 00:00:00.000000,1:20:58.798524,41.00000000,20.00000000,100.00000000,0.27669710,0.41598143,0.85994140,187,281,581,41,137,303,0.06068547,0.20310486,0.44857691,0.59906964,0.88919714,1.29243479
27037,0,USMinnesotaDakota,Minnesota,Dakota,2020-07-31 02:49:52.012934,2020-07-31 00:00:00.000000,1:05:59.131483,62.00000000,20.00000000,100.00000000,0.23120760,0.45278658,1.21210987,991,1942,5200,330,953,2809,0.07709641,0.22214397,0.65485450,0.56398114,0.75448705,0.95789766
27061,0,USMinnesotaItasca,Minnesota,Itasca,2020-07-31 02:15:29.634291,2020-07-31 00:00:00.000000,0:35:34.609077,69.00000000,20.00000000,100.00000000,0.08488115,0.18111174,0.43599123,38,81,196,15,40,112,0.03394113,0.08917129,0.24920782,0.65842375,0.78710829,1.14927165
27091,0,USMinnesotaMartin,Minnesota,Martin,2020-07-31 02:23:40.520770,2020-07-31 00:00:00.000000,0:46:09.239288,41.00000000,20.00000000,100.00000000,0.06352126,0.17130044,1.49683371,12,33,294,0,11,34,0.00000000,0.05790573,0.17749875,0.74827635,0.92161197,1.22306098
27113,0,USMinnesotaPennington,Minnesota,Pennington,2020-07-31 02:16:00.136468,2020-07-31 00:00:00.000000,0:41:40.513291,53.00000000,20.00000000,100.00000000,0.03297475,0.04111753,0.09984071,4,5,14,1,2,6,0.00961113,0.01543245,0.04907056,0.25487962,0.53813761,0.75814525
27139,0,USMinnesotaScott,Minnesota,Scott,2020-07-31 02:48:09.098702,2020-07-31 00:00:00.000000,1:15:20.782260,62.00000000,20.00000000,100.00000000,0.61989964,0.92792799,1.43001588,923,1382,2130,288,767,923,0.19368364,0.51500740,0.61942614,0.79378769,0.90967983,1.36543780
27169,0,USMinnesotaWinona,Minnesota,Winona,2020-07-31 02:14:17.896084,2020-07-31 00:00:00.000000,0:44:02.204666,52.00000000,20.00000000,100.00000000,0.12608626,0.27078353,0.62521777,63,136,315,27,63,152,0.05428066,0.12614149,0.30281298,0.83263836,1.13834781,1.71213338
28013,0,USMississippiCalhoun,Mississippi,Calhoun,2020-07-31 02:23:43.653012,2020-07-31 00:00:00.000000,0:54:28.387318,44.00000000,20.00000000,100.00000000,0.45347141,1.22844611,3.10662903,65,176,446,25,70,197,0.17682926,0.49164399,1.37302411,0.83659119,1.14587804,1.45392180
28039,0,USMississippiGeorge,Mississippi,George,2020-07-31 02:31:52.957620,2020-07-31 00:00:00.000000,1:04:57.429859,41.00000000,20.00000000,100.00000000,7.37010023,18.51020803,50.15936166,1805,4535,12289,0,129,782,0.00000000,0.52942016,3.19486449,1.88316610,3.57289965,7.68563252
28059,0,USMississippiJackson,Mississippi,Jackson,2020-07-31 02:34:53.750881,2020-07-31 00:00:00.000000,1:08:56.183648,45.00000000,20.00000000,100.00000000,0.94850626,1.78583350,3.79241646,1362,2564,5446,801,1384,3243,0.55807615,0.96428580,2.25849892,0.51154275,0.61242356,0.86201951
28081,0,USMississippiLee,Mississippi,Lee,2020-07-31 02:35:46.142920,2020-07-31 00:00:00.000000,1:10:57.575160,43.00000000,20.00000000,100.00000000,0.42321518,2.36330043,4.57857094,361,2019,3911,98,381,1894,0.11548565,0.44696811,2.21780816,0.48482155,1.01755767,1.32936361
28117,0,USMississippiPrentiss,Mississippi,Prentiss,2020-07-31 02:20:16.827102,2020-07-31 00:00:00.000000,0:57:42.289793,51.00000000,20.00000000,100.00000000,1.08671569,3.24894703,15.14572484,273,816,3805,0,197,517,0.00237299,0.78580393,2.05982872,0.61463013,0.91889455,1.29651520
28133,0,USMississippiSunflower,Mississippi,Sunflower,2020-07-31 02:06:04.141172,2020-07-31 00:00:00.000000,0:45:37.032098,75.00000000,20.00000000,100.00000000,1.29814949,3.38754045,4.80606850,325,850,1206,71,176,284,0.28376773,0.70265022,1.13471387,1.06637090,1.20523363,1.50198770
29007,0,USMissouriAudrain,Missouri,Audrain,2020-07-31 02:14:12.838453,2020-07-31 00:00:00.000000,0:55:18.228706,48.00000000,20.00000000,100.00000000,0.33737439,0.85354683,6.72532355,85,216,1707,0,30,211,0.00000000,0.11988718,0.83360644,0.75546030,1.32461322,2.38250729
29021,0,USMissouriBuchanan,Missouri,Buchanan,2020-07-31 02:07:03.897275,2020-07-31 00:00:00.000000,0:49:04.093134,51.00000000,20.00000000,100.00000000,0.11802541,0.17573690,0.57977443,103,153,506,65,101,319,0.07513969,0.11620625,0.36616329,0.45580141,0.64790024,0.85625150
29075,0,USMissouriGentry,Missouri,Gentry,2020-07-31 01:56:40.933085,2020-07-31 00:00:00.000000,0:41:05.791853,59.00000000,20.00000000,100.00000000,0.53790545,1.31919694,3.83009330,35,86,251,12,35,110,0.19696862,0.54603864,1.67646559,1.40228984,2.09302138,3.08152701
29079,0,USMissouriGrundy,Missouri,Grundy,2020-08-01 17:36:53.051126,2020-08-01 00:00:00.000000,0:58:03.581852,58.00000000,20.00000000,100.00000000,0.04002134,0.04733303,0.09345586,3,4,9,1,2,3,0.01256237,0.02068637,0.03780234,0.19730303,0.49610047,0.83413888
29135,0,USMissouriMoniteau,Missouri,Moniteau,2020-07-31 01:58:30.502711,2020-07-31 00:00:00.000000,0:46:01.825545,46.00000000,20.00000000,100.00000000,0.54305580,1.03770919,2.94277596,87,167,474,0,73,202,0.00000000,0.45395899,1.25228292,0.89120425,1.18837569,1.59433616
29161,0,USMissouriPhelps,Missouri,Phelps,2020-07-31 02:19:40.116926,2020-07-31 00:00:00.000000,1:07:41.860632,43.00000000,20.00000000,100.00000000,0.03478823,0.09606818,19.41192307,15,42,8652,4,29,8393,0.00900268,0.06587442,18.83110474,0.87304991,1.21952650,3.71220713
29167,0,USMissouriPolk,Missouri,Polk,2020-07-31 02:03:37.480388,2020-07-31 00:00:00.000000,0:52:03.220983,45.00000000,20.00000000,100.00000000,0.75849863,6.59366687,9.64669487,243,2119,3101,99,2082,3083,0.30849903,6.47893095,9.59281546,1.18871883,3.51960875,5.71355843
29169,0,USMissouriPulaski,Missouri,Pulaski,2020-07-31 02:08:49.625351,2020-07-31 00:00:00.000000,0:57:23.505242,41.00000000,20.00000000,100.00000000,0.01064427,0.03257597,0.33553270,5,17,176,3,11,49,0.00658661,0.02135946,0.09431024,0.31519889,0.73869419,1.58005044
30051,0,USMontanaLiberty,Montana,Liberty,2020-08-01 16:16:05.910737,2020-08-01 00:00:00.000000,0:53:20.265880,57.00000000,20.00000000,100.00000000,11.66589665,39.13264709,53.35371872,272,914,1246,31,91,508,1.34535115,3.90735220,21.75263860,0.31014780,0.65623650,0.97896648
30061,0,USMontanaMineral,Montana,Mineral,2020-07-19 15:36:41.777633,2020-07-19 00:00:00.000000,0:45:55.729699,,,,10.44278123,11.23746484,20.20288371,459,494,888,451,486,877,10.26730111,11.05462550,19.96079302,0.90311415,0.90522330,1.14559067
31025,0,USNebraskaCass,Nebraska,Cass,2020-07-31 02:00:26.117132,2020-07-31 00:00:00.000000,0:52:56.503990,52.00000000,20.00000000,100.00000000,0.21950269,0.41778969,0.66804199,57,109,175,0,26,75,0.00000000,0.10106968,0.28842972,0.88167500,1.65423383,2.00149024
31043,0,USNebraskaDakota,Nebraska,Dakota,2020-07-31 01:53:14.025594,2020-07-31 00:00:00.000000,0:46:01.848957,41.00000000,20.00000000,100.00000000,0.02415736,0.12829380,0.63016646,4,25,126,0,5,53,0.00000000,0.02784723,0.26921863,0.95635832,2.14079797,8.24711316
31047,0,USNebraskaDawson,Nebraska,Dawson,2020-07-31 01:51:20.585719,2020-07-31 00:00:00.000000,0:44:21.433825,45.00000000,20.00000000,100.00000000,0.02363657,0.36192564,79.23605368,5,85,18695,0,18,18660,0.00006470,0.07844688,79.08496050,0.34205049,1.46666092,3.45615259
31079,0,USNebraskaHall,Nebraska,Hall,2020-07-31 01:54:32.477305,2020-07-31 00:00:00.000000,0:48:23.552667,75.00000000,20.00000000,100.00000000,0.01450869,0.59346254,1.07360875,8,364,658,2,100,301,0.00472390,0.16432222,0.49084587,0.62927920,1.03589010,1.98622752
31081,0,USNebraskaHamilton,Nebraska,Hamilton,2020-07-31 01:46:46.262792,2020-07-31 00:00:00.000000,0:40:40.181906,51.00000000,20.00000000,100.00000000,0.14423567,0.26292643,0.57080751,13,24,53,0,7,24,0.00452848,0.08167408,0.26285846,0.74182663,1.24256715,1.69125203
31137,0,USNebraskaPhelps,Nebraska,Phelps,2020-07-31 01:47:07.588206,2020-07-31 00:00:00.000000,0:41:48.963922,45.00000000,20.00000000,100.00000000,0.06423018,0.23332490,1.23033253,5,21,111,0,2,29,0.00000000,0.02739012,0.32472473,0.04304579,0.51627262,0.91843422
32013,0,USNevadaHumboldt,Nevada,Humboldt,2020-07-31 01:50:57.119399,2020-07-31 00:00:00.000000,0:48:10.988781,48.00000000,20.00000000,100.00000000,0.03000446,0.03535919,0.44222506,5,5,74,1,2,30,0.00996684,0.01293346,0.18315845,0.07323277,0.38632194,1.31516638
34037,0,USNewJerseySussex,New Jersey,Sussex,2020-07-31 01:50:28.446243,2020-07-31 00:00:00.000000,0:52:15.934031,45.00000000,20.00000000,100.00000000,0.03137142,0.13709128,0.15674839,44,192,220,27,97,185,0.01944788,0.06957367,0.13202684,0.35522714,0.52839625,0.72599679
35005,0,USNewMexicoChaves,New Mexico,Chaves,2020-07-31 01:49:11.582178,2020-07-31 00:00:00.000000,0:52:01.165082,58.00000000,20.00000000,100.00000000,0.83065580,1.75820947,52.45625338,536,1136,33894,84,135,5852,0.13099940,0.21042813,9.05800640,0.49676807,1.35802738,2.02763077
35039,0,USNewMexicoRioArriba,New Mexico,Rio Arriba,2020-07-31 01:41:26.718137,2020-07-31 00:00:00.000000,0:47:33.930778,41.00000000,20.00000000,100.00000000,0.50446186,8.94748021,44.81076230,196,3482,17440,0,894,6345,0.00000000,2.29905286,16.30374938,0.49679566,1.01288780,2.01239766
35049,0,USNewMexicoSantaFe,New Mexico,Santa Fe,2020-07-31 01:52:20.590380,2020-07-31 00:00:00.000000,0:59:34.943258,43.00000000,20.00000000,100.00000000,0.13542612,0.30529825,0.63509724,203,459,954,93,295,556,0.06208215,0.19636989,0.36982102,0.38212243,0.46260435,0.59007666
36111,0,USNewYorkUlster,New York,Ulster,2020-07-31 01:22:46.411890,2020-07-31 00:00:00.000000,0:51:47.531430,42.00000000,20.00000000,100.00000000,0.08378821,0.25185662,0.56989618,148,447,1011,84,215,659,0.04775542,0.12150238,0.37113731,0.39975348,0.62476142,0.80775780
37009,0,USNorthCarolinaAshe,North Carolina,Ashe,2020-07-31 01:15:41.547391,2020-07-31 00:00:00.000000,0:48:13.166747,43.00000000,20.00000000,100.00000000,0.48775947,1.11539272,2.35026751,132,303,639,5,92,258,0.02186100,0.34124616,0.95166302,0.99855592,1.62631205,2.05506675
37019,0,USNorthCarolinaBrunswick,North Carolina,Brunswick,2020-07-31 01:27:29.895497,2020-07-31 00:00:00.000000,1:02:18.505483,48.00000000,20.00000000,100.00000000,0.26112043,0.53732831,21.27247224,372,767,30381,87,239,28932,0.06147901,0.16766913,20.25802396,0.36929038,0.83256125,3.25818662
37071,0,USNorthCarolinaGaston,North Carolina,Gaston,2020-07-31 01:29:04.230448,2020-07-31 00:00:00.000000,1:10:35.969075,48.00000000,20.00000000,100.00000000,0.31259418,1.05164741,3.48790889,701,2361,7831,388,1249,6183,0.17309671,0.55648447,2.75406224,0.12615901,0.23494341,0.33592643
37073,0,USNorthCarolinaGates,North Carolina,Gates,2020-07-31 01:04:41.074348,2020-07-31 00:00:00.000000,0:46:17.799165,42.00000000,20.00000000,100.00000000,0.03250220,0.04443600,0.22959688,3,5,26,0,1,25,0.00007219,0.01387195,0.21781782,0.19976382,0.62159546,1.29051181
37091,0,USNorthCarolinaHertford,North Carolina,Hertford,2020-07-31 00:57:53.599018,2020-07-31 00:00:00.000000,0:40:00.790961,65.00000000,20.00000000,100.00000000,0.86429168,1.56697881,2.96489841,204,371,701,101,211,329,0.42675236,0.89193853,1.39339945,0.75798045,0.96725369,1.14542696
37187,0,USNorthCarolinaWashington,North Carolina,Washington,2020-07-31 01:05:25.022820,2020-07-31 00:00:00.000000,0:51:45.205580,48.00000000,20.00000000,100.00000000,0.53108907,1.31834958,1.95267256,61,152,226,27,61,106,0.23322458,0.53135636,0.91559609,0.69969091,0.98409332,1.17827098
38015,0,USNorthDakotaBurleigh,North Dakota,Burleigh,2020-07-31 01:26:13.311882,2020-07-31 00:00:00.000000,1:12:40.309837,45.00000000,20.00000000,100.00000000,0.40279902,1.91520448,3.46424269,385,1831,3312,78,744,1084,0.08167751,0.77810408,1.13417026,0.46377754,1.08137469,1.51415928
38059,0,USNorthDakotaMorton,North Dakota,Morton,2020-07-31 00:57:51.236170,2020-07-31 00:00:00.000000,0:44:14.191492,60.00000000,20.00000000,100.00000000,0.55858362,1.13899472,3.35567964,175,357,1052,79,192,526,0.25388315,0.61497538,1.67860966,0.75153141,1.05517516,1.75805161
38097,0,USNorthDakotaTraill,North Dakota,Traill,2020-07-31 01:07:00.706889,2020-07-31 00:00:00.000000,0:53:30.664427,42.00000000,20.00000000,100.00000000,0.14970585,0.59954212,1.52330706,12,48,122,0,12,35,0.00000000,0.15038658,0.44394676,0.34431938,0.79776815,1.32355713
38101,0,USNorthDakotaWard,North Dakota,Ward,2020-07-31 01:07:03.645157,2020-07-31 00:00:00.000000,0:53:34.247045,54.00000000,20.00000000,100.00000000,0.20950966,0.37697573,5.15912699,141,254,3489,0,45,275,0.00000000,0.06655137,0.40748504,0.50115255,0.95204229,1.33154233
39009,0,USOhioAthens,Ohio,Athens,2020-07-31 01:26:14.130438,2020-07-31 00:00:00.000000,1:12:44.803666,48.00000000,20.00000000,100.00000000,0.08015018,0.16481835,0.59027722,52,107,385,3,29,256,0.00514561,0.04486945,0.39299553,0.39769275,1.10355711,1.56189604
39017,0,USOhioButler,Ohio,Butler,2020-07-31 01:26:31.380619,2020-07-31 00:00:00.000000,1:13:01.396021,51.00000000,20.00000000,100.00000000,0.20606882,0.56539561,1.16523047,789,2166,4464,472,1454,2876,0.12330143,0.37951102,0.75083096,0.16039984,0.39081133,0.53604541
39023,0,USOhioClark,Ohio,Clark,2020-07-31 01:18:57.924826,2020-07-31 00:00:00.000000,1:05:30.470666,43.00000000,20.00000000,100.00000000,0.17956334,0.41786655,1.92127276,240,560,2576,106,302,2252,0.07959280,0.22548880,1.67980051,0.09264129,0.87747681,1.45959385
39031,0,USOhioCoshocton,Ohio,Coshocton,2020-07-31 01:02:52.579752,2020-07-31 00:00:00.000000,0:49:25.602182,52.00000000,20.00000000,100.00000000,0.04370009,0.11987933,10.11310661,15,43,3701,3,23,756,0.01021392,0.06357087,2.06749768,0.23642105,0.49834444,0.95506721
39057,0,USOhioGreene,Ohio,Greene,2020-07-31 01:19:48.434487,2020-07-31 00:00:00.000000,1:06:20.809231,52.00000000,20.00000000,100.00000000,0.09645359,0.31405623,0.94273306,162,530,1592,42,220,505,0.02541906,0.13022951,0.29897459,0.36869439,0.63073762,0.95129956
39069,0,USOhioHenry,Ohio,Henry,2020-07-31 01:18:48.804729,2020-07-31 00:00:00.000000,1:05:25.239740,45.00000000,20.00000000,100.00000000,0.07631185,0.23847173,0.58421936,20,64,157,0,1,55,0.00000000,0.00664100,0.20390895,0.73721376,1.14423039,1.65455431
39087,0,USOhioLawrence,Ohio,Lawrence,2020-07-31 01:11:09.766893,2020-07-31 00:00:00.000000,0:57:46.261200,50.00000000,20.00000000,100.00000000,0.12236255,0.37207788,1.37662159,72,221,818,1,53,175,0.00306680,0.08979231,0.29467407,0.61469565,1.16098064,1.43739299
39097,0,USOhioMadison,Ohio,Madison,2020-07-31 01:14:11.361571,2020-07-31 00:00:00.000000,1:00:48.189923,45.00000000,20.00000000,100.00000000,0.21940068,0.36034681,0.98763640,98,161,441,26,71,214,0.05898555,0.16094804,0.47878429,0.92291194,0.98798178,1.69135625
39103,0,USOhioMedina,Ohio,Medina,2020-07-31 01:19:34.163121,2020-07-31 00:00:00.000000,1:06:12.202771,47.00000000,20.00000000,100.00000000,0.05010768,0.10454952,0.33192331,90,187,596,39,121,392,0.02178552,0.06771895,0.21829060,0.36529777,0.47905660,0.88689050
39109,0,USOhioMiami,Ohio,Miami,2020-07-31 01:11:18.578113,2020-07-31 00:00:00.000000,0:57:57.206715,57.00000000,20.00000000,100.00000000,0.15151564,0.36436014,0.93751753,162,389,1003,0,132,643,0.00000000,0.12425146,0.60171647,0.61413750,0.74512628,1.34693389
39123,0,USOhioOttawa,Ohio,Ottawa,2020-07-31 01:00:58.145997,2020-07-31 00:00:00.000000,0:47:36.366454,69.00000000,20.00000000,100.00000000,0.09967837,0.33349537,1.39765491,40,135,566,18,59,399,0.04668664,0.14632712,0.98506645,0.36329108,0.88644229,1.24285666
39137,0,USOhioPutnam,Ohio,Putnam,2020-07-31 01:00:08.314164,2020-07-31 00:00:00.000000,0:46:57.572186,44.00000000,20.00000000,100.00000000,0.05338402,0.18938397,0.41431834,18,64,140,0,17,64,0.00000000,0.05021171,0.18963872,0.72211426,0.99368306,1.45185779
39147,0,USOhioSeneca,Ohio,Seneca,2020-07-31 01:12:59.792590,2020-07-31 00:00:00.000000,0:59:51.616507,47.00000000,20.00000000,100.00000000,0.11091025,0.23291273,0.51316708,61,128,283,24,50,124,0.04415452,0.09177175,0.22606230,0.81410308,1.11715150,1.60581111
40023,0,USOklahomaChoctaw,Oklahoma,Choctaw,2020-07-31 01:11:48.461274,2020-07-31 00:00:00.000000,0:58:51.015268,65.00000000,20.00000000,100.00000000,0.12124526,0.33651729,1.24319129,17,49,182,1,23,112,0.01358500,0.16044590,0.76557260,0.73775783,1.20383310,1.31048463
40027,0,USOklahomaCleveland,Oklahoma,Cleveland,2020-07-31 01:30:17.861840,2020-07-31 00:00:00.000000,1:17:16.846974,42.00000000,20.00000000,100.00000000,0.86743605,1.21119089,2.46611251,2463,3439,7004,1404,1989,4283,0.49446192,0.70050494,1.50823345,0.60021977,0.72890376,0.90179383
40041,0,USOklahomaDelaware,Oklahoma,Delaware,2020-07-31 01:17:26.855052,2020-07-31 00:00:00.000000,1:04:29.734586,47.00000000,20.00000000,100.00000000,0.41073978,0.63490019,1.15490399,176,273,496,82,141,294,0.19238466,0.32952521,0.68427836,0.74744253,0.98657385,2.10541736
40065,0,USOklahomaJackson,Oklahoma,Jackson,2020-07-31 01:06:15.837744,2020-07-31 00:00:00.000000,0:53:29.511168,43.00000000,20.00000000,100.00000000,2.19381043,4.85991130,11.86525196,538,1192,2910,114,761,1310,0.46540653,3.10238901,5.34355872,1.17997495,1.73763849,3.74502188
40077,0,USOklahomaLatimer,Oklahoma,Latimer,2020-07-31 01:19:52.426868,2020-07-31 00:00:00.000000,1:07:16.625258,51.00000000,20.00000000,100.00000000,3.19501325,5.75779876,17.96984878,321,579,1810,0,72,349,0.00000000,0.72396482,3.47405164,1.67421152,2.76756952,4.32194961
40121,0,USOklahomaPittsburg,Oklahoma,Pittsburg,2020-07-31 01:02:52.835325,2020-07-31 00:00:00.000000,0:56:17.188204,47.00000000,20.00000000,100.00000000,0.50528674,1.97314698,3.24357161,220,861,1415,167,234,717,0.38406913,0.53607195,1.64450853,0.83770427,1.97998290,2.62240286
41007,0,USOregonClatsop,Oregon,Clatsop,2020-07-31 00:59:06.202826,2020-07-31 00:00:00.000000,0:56:50.462617,44.00000000,20.00000000,100.00000000,0.02874577,0.06663600,0.25628550,11,26,103,1,15,47,0.00386320,0.03748939,0.11787125,0.55016285,0.83953189,1.67632061
41011,0,USOregonCoos,Oregon,Coos,2020-07-31 00:46:00.080189,2020-07-31 00:00:00.000000,0:44:20.867985,61.00000000,20.00000000,100.00000000,0.03109898,0.07487471,0.32090390,20,48,206,7,26,120,0.01135400,0.04101805,0.18699546,0.39201000,0.89203759,1.33514179
41027,0,USOregonHoodRiver,Oregon,Hood River,2020-07-31 00:42:30.218261,2020-07-31 00:00:00.000000,0:41:47.747613,43.00000000,20.00000000,100.00000000,0.24180062,0.62564597,36.09815952,56,146,8440,19,71,8295,0.08517439,0.30585808,35.47760041,0.30988900,1.14041720,2.12805573
41035,0,USOregonKlamath,Oregon,Klamath,2020-07-31 00:52:08.728649,2020-07-31 00:00:00.000000,0:52:50.743468,52.00000000,20.00000000,100.00000000,0.09707139,0.23162564,0.49928873,66,158,340,30,75,187,0.04525398,0.11103786,0.27435392,0.48374809,0.99635327,1.48592320
41053,0,USOregonPolk,Oregon,Polk,2020-07-31 00:51:14.747867,2020-07-31 00:00:00.000000,0:53:54.173531,55.00000000,20.00000000,100.00000000,0.12113910,0.28322824,0.57856245,104,243,498,2,93,215,0.00344561,0.10888122,0.25079691,0.49281290,0.95526082,1.50894870
41061,0,USOregonUnion,Oregon,Union,2020-07-31 01:08:07.779615,2020-07-31 00:00:00.000000,1:12:02.384253,48.00000000,20.00000000,100.00000000,0.01970044,0.03183799,0.07527319,5,8,20,0,3,7,0.00249623,0.01281054,0.02844355,0.48126131,0.95611582,1.47070460
41069,0,USOregonWheeler,Oregon,Wheeler,2020-07-19 14:29:59.739577,2020-07-19 00:00:00.000000,0:46:40.863577,,,,35.43113461,35.43113461,35.43113461,471,471,471,468,468,468,35.15468999,35.15468999,35.15468999,0.43305352,0.43305352,0.43305352
42021,0,USPennsylvaniaCambria,Pennsylvania,Cambria,2020-07-31 00:50:01.455164,2020-07-31 00:00:00.000000,0:58:53.721116,42.00000000,20.00000000,100.00000000,0.17762340,0.34801738,1.39026043,231,453,1810,23,153,413,0.01770408,0.11822284,0.31781821,0.58795695,0.87347319,1.81900695
42039,0,USPennsylvaniaCrawford,Pennsylvania,Crawford,2020-07-31 00:38:21.455787,2020-07-31 00:00:00.000000,0:50:58.096011,51.00000000,20.00000000,100.00000000,0.02605476,0.07220832,0.34870294,22,61,295,0,16,97,0.00000000,0.01896582,0.11488746,0.50834982,0.67413306,1.29175664
42045,0,USPennsylvaniaDelaware,Pennsylvania,Delaware,2020-07-31 00:23:26.207569,2020-07-31 00:00:00.000000,0:37:36.809245,55.00000000,20.00000000,100.00000000,0.00103344,0.24683674,50.60676321,5,1398,286812,0,56,285067,0.00000000,0.00991195,50.29893556,0.66704607,0.92474371,1.77325055
42071,0,USPennsylvaniaLancaster,Pennsylvania,Lancaster,2020-07-31 00:42:02.681597,2020-07-31 00:00:00.000000,1:05:50.106836,62.00000000,20.00000000,100.00000000,0.19629643,0.25617742,0.58760467,1071,1398,3206,729,898,2418,0.13365745,0.16464930,0.44325782,0.18754831,0.49233761,0.54469768
42073,0,USPennsylvaniaLawrence,Pennsylvania,Lawrence,2020-07-31 00:27:30.772713,2020-07-31 00:00:00.000000,0:51:20.986520,41.00000000,20.00000000,100.00000000,0.21651793,0.50349133,0.91954941,185,430,786,98,246,468,0.11528229,0.28779759,0.54750707,0.37129041,0.69535112,0.92205467
42085,0,USPennsylvaniaMercer,Pennsylvania,Mercer,2020-07-31 00:26:59.896608,2020-07-31 00:00:00.000000,0:53:32.982836,54.00000000,20.00000000,100.00000000,0.03271321,0.06857616,0.19226874,35,75,210,11,30,112,0.01059864,0.02774602,0.10323592,0.65374486,0.86147383,1.28836367
42105,0,USPennsylvaniaPotter,Pennsylvania,Potter,2020-08-01 10:35:00.252372,2020-08-01 00:00:00.000000,0:37:44.695275,47.00000000,20.00000000,100.00000000,0.02122353,0.03434266,0.33353621,3,5,55,1,1,12,0.00783891,0.01208457,0.07399945,0.34698758,0.59509557,1.48964412
42129,0,USPennsylvaniaWestmoreland,Pennsylvania,Westmoreland,2020-07-31 00:23:55.521415,2020-07-31 00:00:00.000000,1:00:38.132297,61.00000000,20.00000000,100.00000000,0.09589611,0.14292607,0.31639605,334,498,1103,139,301,792,0.04008874,0.08644429,0.22711937,0.39476500,0.56480792,0.71645965
46027,0,USSouthDakotaClay,South Dakota,Clay,2020-07-31 00:00:57.322323,2020-07-31 00:00:00.000000,0:55:06.981046,51.00000000,20.00000000,100.00000000,0.09274847,0.29423537,0.87731234,13,41,123,0,16,49,0.00000000,0.11717072,0.35484058,0.71665075,1.01121008,2.61540319
46037,0,USSouthDakotaDay,South Dakota,Day,2020-08-01 10:17:34.260754,2020-08-01 00:00:00.000000,0:38:54.935186,47.00000000,20.00000000,100.00000000,0.05292011,0.12774486,0.32000992,2,6,17,0,2,7,0.01537124,0.05272924,0.13933977,0.20324488,0.58657434,0.94927104
46063,0,USSouthDakotaHarding,South Dakota,Harding,2020-07-19 15:05:11.029000,2020-07-19 00:00:00.000000,1:21:54.257941,,,,45.87260846,47.90943611,49.51424073,595,621,642,591,618,639,45.60290815,47.64354829,49.25146185,0.59633066,0.60363635,0.61041177
46083,0,USSouthDakotaLincoln,South Dakota,Lincoln,2020-07-31 00:00:00.869015,2020-07-31 00:00:00.000000,0:54:12.148252,51.00000000,20.00000000,100.00000000,0.64283744,1.88656706,3.74456082,392,1153,2288,177,602,1245,0.29025473,0.98619257,2.03685923,0.91928405,1.09088977,1.27636015
46099,0,USSouthDakotaMinnehaha,South Dakota,Minnehaha,2020-07-31 00:16:57.845553,2020-07-31 00:00:00.000000,1:11:09.860349,48.00000000,20.00000000,100.00000000,0.33423593,0.45824318,0.94894999,645,885,1832,131,392,950,0.06816981,0.20299018,0.49223537,1.16244466,1.29727113,1.56240209
46109,0,USSouthDakotaRoberts,South Dakota,Roberts,2020-07-30 23:53:50.270225,2020-07-30 00:00:00.000000,0:48:03.796539,41.00000000,20.00000000,100.00000000,0.06847357,0.13572408,0.21035280,7,14,21,3,7,9,0.03620348,0.07230159,0.09599872,0.74355732,1.02640596,2.00441067
46111,0,USSouthDakotaSanborn,South Dakota,Sanborn,2020-08-01 09:26:39.907364,2020-08-01 00:00:00.000000,0:34:24.913377,56.00000000,20.00000000,100.00000000,0.10942893,0.16928579,0.37348504,2,3,8,1,1,2,0.05913829,0.06576585,0.11965539,0.26369422,0.56729705,1.19627800
47041,0,USTennesseeDeKalb,Tennessee,DeKalb,2020-07-30 23:48:04.929987,2020-07-30 00:00:00.000000,0:53:33.757724,46.00000000,20.00000000,100.00000000,0.50233844,1.83473735,3.57944570,102,375,733,102,352,381,0.50183314,1.72255415,1.86103751,1.07810350,1.84811484,3.83168689
47061,0,USTennesseeGrundy,Tennessee,Grundy,2020-07-30 23:30:14.093814,2020-07-30 00:00:00.000000,0:42:33.466164,44.00000000,20.00000000,100.00000000,0.25595201,0.83250576,1.92828311,34,111,258,10,53,110,0.07879303,0.40016781,0.82012573,0.93040850,1.26319104,1.79699057
47069,0,USTennesseeHardeman,Tennessee,Hardeman,2020-07-30 23:40:22.062265,2020-07-30 00:00:00.000000,0:53:22.606540,51.00000000,20.00000000,100.00000000,1.26229787,2.64829087,5.95867115,316,663,1492,267,487,1071,1.06888984,1.94559566,4.27879160,0.70980702,1.08590600,1.71237267
47079,0,USTennesseeHenry,Tennessee,Henry,2020-07-30 23:24:56.277142,2020-07-30 00:00:00.000000,0:45:18.103935,66.00000000,20.00000000,100.00000000,0.95538528,1.53699004,4.65632125,309,497,1506,85,299,525,0.26449152,0.92521721,1.62518411,1.87385728,2.30846379,3.23079976
47081,0,USTennesseeHickman,Tennessee,Hickman,2020-07-30 23:32:19.354043,2020-07-30 00:00:00.000000,0:53:55.528177,51.00000000,20.00000000,100.00000000,0.76951621,1.15759964,2.05680814,193,291,517,93,180,297,0.37163068,0.71869124,1.18267822,0.79895380,0.85247671,1.62775806
47093,0,USTennesseeKnox,Tennessee,Knox,2020-07-30 23:53:04.882873,2020-07-30 00:00:00.000000,1:22:51.669771,45.00000000,20.00000000,100.00000000,0.51788305,0.88654693,1.67537283,2435,4169,7879,1386,2198,4402,0.29479120,0.46741625,0.93617719,0.36449687,0.60132578,0.73205764
47107,0,USTennesseeMcMinn,Tennessee,McMinn,2020-07-30 23:07:58.682469,2020-07-30 00:00:00.000000,0:42:16.759908,68.00000000,20.00000000,100.00000000,0.26305306,0.44312525,1.45822910,141,238,784,76,133,390,0.14305216,0.24833188,0.72657593,0.47233144,0.77076500,0.98581604
47165,0,USTennesseeSumner,Tennessee,Sumner,2020-07-30 23:14:14.263161,2020-07-30 00:00:00.000000,1:05:21.016347,41.00000000,20.00000000,100.00000000,0.66827742,0.98591955,1.40059096,1278,1885,2679,888,1332,1964,0.46470098,0.69638359,1.02703516,0.32671758,0.40550771,0.49029727
47171,0,USTennesseeUnicoi,Tennessee,Unicoi,2020-07-30 23:07:14.686442,2020-07-30 00:00:00.000000,1:01:25.309163,52.00000000,20.00000000,100.00000000,1.17454558,2.18361520,4.87685633,210,390,872,118,266,464,0.66045591,1.49077125,2.59722778,1.33545411,1.69902358,2.92376606
48043,0,USTexasBrewster,Texas,Brewster,2020-07-30 23:07:23.954856,2020-07-30 00:00:00.000000,1:23:07.296249,41.00000000,20.00000000,100.00000000,0.52888111,1.37244074,2.66181939,48,126,244,0,75,176,0.00508765,0.82005257,1.91976409,1.52220479,1.88220071,3.26724560
48063,0,USTexasCamp,Texas,Camp,2020-07-30 22:30:31.406922,2020-07-30 00:00:00.000000,0:54:06.406933,46.00000000,20.00000000,100.00000000,0.40030983,0.80703164,2.31016675,52,105,302,26,51,104,0.20215568,0.39341888,0.80179295,0.93020894,1.24564713,2.84088036
48135,0,USTexasEctor,Texas,Ector,2020-07-30 22:02:28.137058,2020-07-30 00:00:00.000000,0:45:52.042692,60.00000000,20.00000000,100.00000000,1.40144223,4.81180633,53.50297462,2329,7998,88934,741,2800,11980,0.44617543,1.68460179,7.20744818,1.34897294,2.39042485,7.64091133
48185,0,USTexasGrimes,Texas,Grimes,2020-07-30 21:55:51.014906,2020-07-30 00:00:00.000000,0:53:01.347963,49.00000000,20.00000000,100.00000000,2.50209612,9.40281646,29.82181865,722,2715,8612,591,2563,7989,2.04904198,8.87737542,27.66515975,0.58316324,0.86095706,1.10444612
48207,0,USTexasHaskell,Texas,Haskell,2020-07-30 21:45:12.416818,2020-07-30 00:00:00.000000,0:48:54.588541,54.00000000,20.00000000,100.00000000,0.11075342,0.45312731,7.55242723,6,25,427,5,25,421,0.09250200,0.44803613,7.45519106,0.98870644,1.26610866,5.30240140
48229,0,USTexasHudspeth,Texas,Hudspeth,2020-08-01 09:07:37.180070,2020-08-01 00:00:00.000000,1:15:23.063785,47.00000000,20.00000000,100.00000000,0.05137334,0.07145858,0.16356826,2,3,7,0,1,3,0.01593327,0.02062478,0.06473335,0.31134259,0.42489980,0.97418299
48285,0,USTexasLavaca,Texas,Lavaca,2020-07-30 22:17:09.947524,2020-07-30 00:00:00.000000,0:47:57.244478,46.00000000,20.00000000,100.00000000,0.72291797,2.34489055,14.64570827,145,472,2951,1,143,624,0.00969465,0.71016971,3.10039960,1.67923570,2.81735897,4.59298248
48341,0,USTexasMoore,Texas,Moore,2020-07-30 21:22:56.858899,2020-07-30 00:00:00.000000,1:01:12.331280,50.00000000,20.00000000,100.00000000,0.02610108,0.34870465,1.14365969,5,73,239,0,39,204,0.00000000,0.19055406,0.97684639,0.90941876,1.72385591,2.32342142
48349,0,USTexasNavarro,Texas,Navarro,2020-07-30 21:15:38.454268,2020-07-30 00:00:00.000000,0:56:34.828861,44.00000000,20.00000000,100.00000000,3.73769248,10.56849120,18.32950321,1873,5296,9185,612,3810,7463,1.22310439,7.60359950,14.89426464,0.54593706,0.72867426,3.90522171
48371,0,USTexasPecos,Texas,Pecos,2020-07-30 20:54:04.891532,2020-07-30 00:00:00.000000,0:40:24.383192,59.00000000,20.00000000,100.00000000,0.61168575,1.50887545,3.11535438,96,238,492,44,126,328,0.28435247,0.79716839,2.07590142,0.74171170,0.97992699,1.54002046
48465,0,USTexasValVerde,Texas,Val Verde,2020-07-30 20:48:39.187503,2020-07-30 00:00:00.000000,0:58:59.128311,42.00000000,20.00000000,100.00000000,2.99641998,6.13504076,16.74805815,1468,3007,8210,531,1167,2173,1.08438183,2.38155613,4.43388354,1.79204920,3.56174888,5.56818887
48477,0,USTexasWashington,Texas,Washington,2020-07-30 20:44:19.248423,2020-07-30 00:00:00.000000,0:56:00.887139,45.00000000,20.00000000,100.00000000,0.06606754,0.42294743,1.13342986,23,151,406,0,24,176,0.00000000,0.06892492,0.49056913,0.62530059,0.80217245,1.62716400
49011,0,USUtahDavis,Utah,Davis,2020-07-30 21:04:20.016809,2020-07-30 00:00:00.000000,1:27:52.338850,41.00000000,20.00000000,100.00000000,0.28769748,0.61527361,1.18407514,1022,2187,4209,628,1339,3485,0.17686374,0.37670226,0.98036508,0.17577369,0.35883189,0.46546873
49017,0,USUtahGarfield,Utah,Garfield,2020-08-01 07:48:39.683450,2020-08-01 00:00:00.000000,0:59:03.583570,42.00000000,20.00000000,100.00000000,6.93553395,22.23259143,70.11396407,350,1122,3541,14,160,1613,0.28414699,3.17254816,31.94809203,0.20194429,0.53409035,1.07314085
49027,0,USUtahMillard,Utah,Millard,2020-07-19 14:55:02.195007,2020-07-19 00:00:00.000000,1:11:52.933735,,,,0.00000001,0.04102739,89.97982405,0,5,11866,0,5,11857,0.00000001,0.03880097,89.90754092,0.70610558,0.92090122,1.16870006
49033,0,USUtahRich,Utah,Rich,2020-07-19 14:27:17.252883,2020-07-19 00:00:00.000000,0:44:07.992477,,,,57.38233397,74.40876171,91.43518944,1424,1847,2270,1418,1843,2268,57.14109126,74.25732679,91.37356231,0.59975861,0.67998348,0.76020836
49055,0,USUtahWayne,Utah,Wayne,2020-07-19 14:32:34.077561,2020-07-19 00:00:00.000000,0:49:24.917270,,,,18.82370381,25.06342284,27.15061294,510,679,736,503,672,728,18.58840864,24.80368825,26.88461320,0.76660813,0.86762690,0.96161556
51005,0,USVirginiaAlleghany,Virginia,Alleghany,2020-07-30 20:13:47.657531,2020-07-30 00:00:00.000000,0:51:17.115764,44.00000000,20.00000000,100.00000000,0.03188262,0.05051284,0.22615254,4,7,33,0,2,16,0.00000000,0.01948925,0.10869706,0.35434196,0.60647617,1.28613923
51023,0,USVirginiaBotetourt,Virginia,Botetourt,2020-07-30 20:18:00.529402,2020-07-30 00:00:00.000000,0:57:16.365161,56.00000000,20.00000000,100.00000000,0.01919405,0.08799761,0.25442292,6,29,85,0,10,46,0.00000000,0.03241772,0.14009099,0.43321354,0.96456609,1.65334231
51065,0,USVirginiaFluvanna,Virginia,Fluvanna,2020-07-30 19:55:58.051349,2020-07-30 00:00:00.000000,0:43:43.718683,47.00000000,20.00000000,100.00000000,0.14183779,0.25616186,0.52099401,38,69,142,17,35,86,0.06286961,0.13125772,0.31835439,0.61509513,0.98601461,1.63024707
51095,0,USVirginiaJamesCity,Virginia,James City,2020-07-30 19:58:33.393678,2020-07-30 00:00:00.000000,0:53:02.319807,41.00000000,20.00000000,100.00000000,0.08903578,0.33748922,0.75510483,68,258,577,35,143,411,0.04591114,0.18764317,0.53783441,0.28083842,0.56421586,0.77395664
51097,0,USVirginiaKingandQueen,Virginia,King and Queen,2020-07-30 19:48:36.691543,2020-07-30 00:00:00.000000,0:44:18.424097,56.00000000,20.00000000,100.00000000,0.07136127,0.09710914,0.24834943,5,6,17,0,1,4,0.00000000,0.02226212,0.05991284,0.21784156,0.73925786,1.00430121
51161,0,USVirginiaRoanoke,Virginia,Roanoke,2020-07-30 19:41:47.102603,2020-07-30 00:00:00.000000,0:52:13.386598,41.00000000,20.00000000,100.00000000,0.08608549,0.21567982,1.15406373,81,203,1086,18,84,399,0.01978944,0.08938158,0.42455331,0.25573709,0.49094071,1.56601543
51193,0,USVirginiaWestmoreland,Virginia,Westmoreland,2020-07-30 19:20:45.960117,2020-07-30 00:00:00.000000,0:51:20.996578,59.00000000,20.00000000,100.00000000,0.01978233,0.03827579,0.08401686,3,6,15,2,3,9,0.01652159,0.02188101,0.05043434,0.36978327,0.56413529,0.96122114
53011,0,USWashingtonClark,Washington,Clark,2020-07-30 19:10:34.809432,2020-07-30 00:00:00.000000,0:57:58.118191,41.00000000,20.00000000,100.00000000,0.02482184,0.12203204,0.21914161,121,595,1069,90,372,737,0.01859336,0.07623552,0.15096107,0.31647920,0.44434699,0.57687295
53015,0,USWashingtonCowlitz,Washington,Cowlitz,2020-07-30 19:20:26.632628,2020-07-30 00:00:00.000000,1:08:39.711499,41.00000000,20.00000000,100.00000000,0.09391526,0.27013164,1.17560189,103,298,1300,35,155,330,0.03200194,0.14025644,0.29901356,0.42407363,0.51976057,1.23247035
53037,0,USWashingtonKittitas,Washington,Kittitas,2020-07-30 19:10:43.690006,2020-07-30 00:00:00.000000,1:01:20.293706,51.00000000,20.00000000,100.00000000,0.04490764,0.15750749,0.71788154,21,75,344,0,15,51,0.00000000,0.03279861,0.10714640,0.41872834,0.59186131,1.03828390
53063,0,USWashingtonSpokane,Washington,Spokane,2020-07-30 19:19:50.604161,2020-07-30 00:00:00.000000,1:14:04.916573,42.00000000,20.00000000,100.00000000,0.10012508,0.32173965,0.64702912,523,1682,3382,309,866,2040,0.05915472,0.16576097,0.39029202,0.49909971,0.58376855,0.71516094
54011,0,USWestVirginiaCabell,West Virginia,Cabell,2020-07-30 18:53:59.301643,2020-07-30 00:00:00.000000,0:53:57.238727,42.00000000,20.00000000,100.00000000,0.24669496,0.57149441,1.57074847,226,525,1444,90,270,669,0.09798249,0.29433513,0.72835070,0.49240135,0.73480207,1.19341158
54021,0,USWestVirginiaGilmer,West Virginia,Gilmer,2020-08-01 06:25:56.518899,2020-08-01 00:00:00.000000,0:56:21.034167,42.00000000,20.00000000,100.00000000,0.03746642,0.05495538,0.44023935,2,4,34,0,1,5,0.01227117,0.02016500,0.06681121,0.14614071,0.50142977,1.05788158
54025,0,USWestVirginiaGreenbrier,West Virginia,Greenbrier,2020-07-30 18:54:48.800161,2020-07-30 00:00:00.000000,0:55:37.830466,63.00000000,20.00000000,100.00000000,0.03031480,0.04176878,0.18727746,10,14,64,2,13,32,0.00787142,0.03818063,0.09406408,0.53506120,0.94822163,1.34494307
54033,0,USWestVirginiaHarrison,West Virginia,Harrison,2020-07-30 18:41:22.102237,2020-07-30 00:00:00.000000,0:45:44.711471,42.00000000,20.00000000,100.00000000,0.06603474,0.12865112,0.39628304,44,86,266,18,50,178,0.02807358,0.07459861,0.26553445,0.39706518,0.56650238,1.11551940
54037,0,USWestVirginiaJefferson,West Virginia,Jefferson,2020-07-30 18:35:40.669759,2020-07-30 00:00:00.000000,0:48:35.760742,44.00000000,20.00000000,100.00000000,0.02465030,0.04906814,0.16324817,14,28,93,6,15,43,0.01215417,0.02750314,0.07557636,0.34182305,0.60759973,0.88005279
54049,0,USWestVirginiaMarion,West Virginia,Marion,2020-07-30 18:05:00.706443,2020-07-30 00:00:00.000000,0:50:04.420330,60.00000000,20.00000000,100.00000000,0.07381116,0.21603153,0.47074576,41,121,263,9,72,144,0.01621383,0.12918431,0.25719090,0.40049374,0.59683928,0.96569968
54055,0,USWestVirginiaMercer,West Virginia,Mercer,2020-07-30 18:24:09.433271,2020-07-30 00:00:00.000000,1:09:09.728915,47.00000000,20.00000000,100.00000000,0.59522741,1.48467989,4.38455860,349,872,2576,147,397,1033,0.25090287,0.67645903,1.75833476,1.17500360,1.69814747,2.66377059
54061,0,USWestVirginiaMonongalia,West Virginia,Monongalia,2020-07-30 18:14:58.390881,2020-07-30 00:00:00.000000,1:00:06.185839,49.00000000,20.00000000,100.00000000,0.12185630,0.17299868,11.62874013,128,182,12281,51,140,12240,0.04832366,0.13300093,11.58978393,0.50850426,0.69744970,5.42291852
54075,0,USWestVirginiaPocahontas,West Virginia,Pocahontas,2020-07-30 18:07:43.916165,2020-07-30 00:00:00.000000,0:52:55.665774,52.00000000,20.00000000,100.00000000,0.03030026,0.07385137,0.14724139,2,6,12,1,3,6,0.02293219,0.04380848,0.08094658,0.40297944,0.53197633,0.95354577
54083,0,USWestVirginiaRandolph,West Virginia,Randolph,2020-07-30 18:26:14.448645,2020-07-30 00:00:00.000000,1:07:03.413184,43.00000000,20.00000000,100.00000000,0.01139758,0.06349481,0.21362657,3,18,61,3,12,35,0.01139758,0.04419302,0.12349647,0.42812926,0.68210676,0.81406809
54099,0,USWestVirginiaWayne,West Virginia,Wayne,2020-07-30 18:19:29.656461,2020-07-30 00:00:00.000000,1:04:42.385249,44.00000000,20.00000000,100.00000000,0.04460838,0.14044102,0.68840866,17,55,271,16,53,115,0.04260741,0.13573269,0.29325910,0.81029125,1.12213619,1.35929110
54107,0,USWestVirginiaWood,West Virginia,Wood,2020-07-30 18:13:41.927484,2020-07-30 00:00:00.000000,0:58:57.074850,54.00000000,20.00000000,100.00000000,0.02009176,0.05120954,0.18904160,16,42,157,9,16,68,0.01093448,0.01943450,0.08191514,0.64021367,0.86532222,1.32800291
55023,0,USWisconsinCrawford,Wisconsin,Crawford,2020-07-30 17:59:27.513652,2020-07-30 00:00:00.000000,0:44:41.140682,45.00000000,20.00000000,100.00000000,0.04112771,0.07567379,0.46327496,6,12,74,0,6,37,0.00000000,0.04099254,0.23145678,0.55491177,0.87018081,1.40202652
55025,0,USWisconsinDane,Wisconsin,Dane,2020-07-30 18:34:12.469301,2020-07-30 00:00:00.000000,1:19:25.111571,45.00000000,20.00000000,100.00000000,0.03994493,0.15505681,0.51238838,218,847,2801,142,635,2140,0.02599584,0.11633050,0.39157941,0.25014550,0.37623509,0.57305536
55027,0,USWisconsinDodge,Wisconsin,Dodge,2020-07-30 18:26:00.854699,2020-07-30 00:00:00.000000,1:11:11.939575,48.00000000,20.00000000,100.00000000,0.02909960,0.17654389,0.44936982,25,155,394,20,135,341,0.02361862,0.15373828,0.38828926,0.40670866,0.90190009,1.48676258
55055,0,USWisconsinJefferson,Wisconsin,Jefferson,2020-07-30 18:15:39.275291,2020-07-30 00:00:00.000000,1:00:54.965634,52.00000000,20.00000000,100.00000000,0.83248409,1.14821065,3.07628146,705,973,2607,205,293,1150,0.24298443,0.34583799,1.35758100,0.18485627,0.50876207,0.66576375
55057,0,USWisconsinJuneau,Wisconsin,Juneau,2020-07-30 18:10:14.062940,2020-07-30 00:00:00.000000,0:55:30.030005,44.00000000,20.00000000,100.00000000,1.02156643,3.20852278,6.49474782,272,856,1733,49,115,408,0.18387780,0.43446307,1.52885185,0.97693713,1.46533182,3.19864380
55131,0,USWisconsinWashington,Wisconsin,Washington,2020-07-30 18:14:55.409784,2020-07-30 00:00:00.000000,1:00:32.988599,57.00000000,20.00000000,100.00000000,0.17067187,0.48771887,0.86877821,232,663,1181,158,444,788,0.11642356,0.32699825,0.57988357,0.45867526,0.60664787,0.98548507
55133,0,USWisconsinWaukesha,Wisconsin,Waukesha,2020-07-30 18:29:13.478203,2020-07-30 00:00:00.000000,1:14:58.349013,43.00000000,20.00000000,100.00000000,0.86585913,1.28376420,4.95035682,3499,5188,20009,2252,3257,7362,0.55722452,0.80598990,1.82139620,0.36721676,0.44434395,1.13601270
56043,0,USWyomingWashakie,Wyoming,Washakie,2020-08-01 03:22:35.231543,2020-08-01 00:00:00.000000,0:58:56.577612,48.00000000,20.00000000,100.00000000,0.03728932,0.07416729,0.30485859,2,5,23,0,2,8,0.00229396,0.03484560,0.11417893,0.31089791,0.48479897,1.23868659
