FIPS,HR_UID,nameid,province,region,analysisTime,dates,pointprevalence_025,pointprevalence_50,pointprevalence_975,pointinfections_025,pointinfections_50,pointinfections_975,pointinfectious_025,pointinfectious_50,pointinfectious_975,pointinfectiousprevalence_05,pointinfectiousprevalence_50,pointinfectiousprevalence_95,infectrate_025,infectrate_50,infectrate_975
49041,0,USUtahSevier,Utah,Sevier,2020-08-08 09:24:09.020403,2020-03-09 00:00:00.000000,0.00000000,0.00000000,0.00000000,0,0,0,0,0,0,0.00000000,0.00000000,0.00000000,0.03285166,0.15364390,0.28097817
49041,0,USUtahSevier,Utah,Sevier,2020-08-08 09:24:09.020403,2020-03-10 00:00:00.000000,0.00000000,0.00000000,0.00000000,0,0,0,0,0,0,0.00000000,0.00000000,0.00000000,0.03285167,0.15364391,0.28097818
49041,0,USUtahSevier,Utah,Sevier,2020-08-08 09:24:09.020403,2020-03-11 00:00:00.000000,0.00000000,0.00000000,0.00000000,0,0,0,0,0,0,0.00000000,0.00000000,0.00000000,0.03285173,0.15364393,0.28097827
49041,0,USUtahSevier,Utah,Sevier,2020-08-08 09:24:09.020403,2020-03-12 00:00:00.000000,0.00000000,0.00000000,0.00000000,0,0,0,0,0,0,0.00000000,0.00000000,0.00000000,0.03285194,0.15364399,0.28097860
49041,0,USUtahSevier,Utah,Sevier,2020-08-08 09:24:09.020403,2020-03-13 00:00:00.000000,0.00000000,0.00000000,0.00000000,0,0,0,0,0,0,0.00000000,0.00000000,0.00000000,0.03285276,0.15364414,0.28097964
49041,0,USUtahSevier,Utah,Sevier,2020-08-08 09:24:09.020403,2020-03-14 00:00:00.000000,0.00000000,0.00000000,0.00000000,0,0,0,0,0,0,0.00000000,0.00000000,0.00000000,0.03285586,0.15364461,0.28098271
49041,0,USUtahSevier,Utah,Sevier,2020-08-08 09:24:09.020403,2020-03-15 00:00:00.000000,0.00000000,0.00000000,0.00000000,0,0,0,0,0,0,0.00000000,0.00000000,0.00000000,0.03286768,0.15364623,0.28099134
49041,0,USUtahSevier,Utah,Sevier,2020-08-08 09:24:09.020403,2020-03-16 00:00:00.000000,0.00000000,0.00000000,0.00000000,0,0,0,0,0,0,0.00000000,0.00000000,0.00000000,0.03291267,0.15365226,0.28101480
49041,0,USUtahSevier,Utah,Sevier,2020-08-08 09:24:09.020403,2020-03-17 00:00:00.000000,0.00000000,0.00000000,0.00000000,0,0,0,0,0,0,0.00000000,0.00000000,0.00000000,0.03308367,0.15367586,0.28107692
49041,0,USUtahSevier,Utah,Sevier,2020-08-08 09:24:09.020403,2020-03-18 00:00:00.000000,0.00000000,0.00000000,0.00000000,0,0,0,0,0,0,0.00000000,0.00000000,0.00000000,0.03373073,0.15377148,0.28123605
49041,0,USUtahSevier,Utah,Sevier,2020-08-08 09:24:09.020403,2020-03-19 00:00:00.000000,0.00000000,0.00000000,0.00000000,0,0,0,0,0,0,0.00000000,0.00000000,0.00000000,0.03613607,0.15417450,0.28162013
49041,0,USUtahSevier,Utah,Sevier,2020-08-08 09:24:09.020403,2020-03-20 00:00:00.000000,0.00000000,0.00000000,0.00000000,0,0,0,0,0,0,0.00000000,0.00000000,0.00000000,0.04322695,0.15727131,0.28244088
49041,0,USUtahSevier,Utah,Sevier,2020-08-08 09:24:09.020403,2020-03-21 00:00:00.000000,0.00000000,0.00000000,0.00000000,0,0,0,0,0,0,0.00000000,0.00000000,0.00000000,0.06099518,0.16763068,0.28382259
49041,0,USUtahSevier,Utah,Sevier,2020-08-08 09:24:09.020403,2020-03-22 00:00:00.000000,0.00000000,0.00000000,0.00000000,0,0,0,0,0,0,0.00000000,0.00000000,0.00000000,0.09733902,0.19270516,0.28538665
49041,0,USUtahSevier,Utah,Sevier,2020-08-08 09:24:09.020403,2020-03-23 00:00:00.000000,0.00000000,0.00000000,0.00000000,0,0,0,0,0,0,0.00000000,0.00000000,0.00000000,0.11628868,0.23772051,0.28636156
49041,0,USUtahSevier,Utah,Sevier,2020-08-08 09:24:09.020403,2020-03-24 00:00:00.000000,0.00000000,0.00000000,0.00000000,0,0,0,0,0,0,0.00000000,0.00000000,0.00000000,0.12334858,0.26575187,0.28630276
49041,0,USUtahSevier,Utah,Sevier,2020-08-08 09:24:09.020403,2020-03-25 00:00:00.000000,0.00000000,0.00000000,0.00000000,0,0,0,0,0,0,0.00000000,0.00000000,0.00000000,0.12827241,0.27606779,0.28671681
49041,0,USUtahSevier,Utah,Sevier,2020-08-08 09:24:09.020403,2020-03-26 00:00:00.000000,0.00000000,0.00000000,0.00000000,0,0,0,0,0,0,0.00000000,0.00000000,0.00000000,0.14506167,0.27621022,0.29588396
49041,0,USUtahSevier,Utah,Sevier,2020-08-08 09:24:09.020403,2020-03-27 00:00:00.000000,0.00000000,0.00000000,0.00000000,0,0,0,0,0,0,0.00000000,0.00000000,0.00000000,0.18889032,0.27716559,0.30175855
49041,0,USUtahSevier,Utah,Sevier,2020-08-08 09:24:09.020403,2020-03-28 00:00:00.000000,0.00000000,0.00000000,0.00000000,0,0,0,0,0,0,0.00000000,0.00000000,0.00000000,0.21882703,0.28005945,0.30575736
49041,0,USUtahSevier,Utah,Sevier,2020-08-08 09:24:09.020403,2020-03-29 00:00:00.000000,0.00000000,0.00000000,0.00000000,0,0,0,0,0,0,0.00000000,0.00000000,0.00000000,0.22561308,0.28566474,0.30792887
49041,0,USUtahSevier,Utah,Sevier,2020-08-08 09:24:09.020403,2020-03-30 00:00:00.000000,0.00000000,0.00000000,0.00000000,0,0,0,0,0,0,0.00000000,0.00000000,0.00000000,0.22679819,0.28409824,0.32531638
49041,0,USUtahSevier,Utah,Sevier,2020-08-08 09:24:09.020403,2020-03-31 00:00:00.000000,0.00000000,0.00000000,0.00000000,0,0,0,0,0,0,0.00000000,0.00000000,0.00000000,0.22710372,0.28139101,0.34228778
49041,0,USUtahSevier,Utah,Sevier,2020-08-08 09:24:09.020403,2020-04-01 00:00:00.000000,0.00000000,0.00000000,0.00000000,0,0,0,0,0,0,0.00000000,0.00000000,0.00000000,0.22753222,0.27855099,0.35543190
49041,0,USUtahSevier,Utah,Sevier,2020-08-08 09:24:09.020403,2020-04-02 00:00:00.000000,0.00000000,0.00000000,0.00000000,0,0,0,0,0,0,0.00000000,0.00000000,0.00000000,0.22885579,0.27520540,0.36763798
49041,0,USUtahSevier,Utah,Sevier,2020-08-08 09:24:09.020403,2020-04-03 00:00:00.000000,0.00000000,0.00000000,0.00000000,0,0,0,0,0,0,0.00000000,0.00000000,0.00000000,0.23311444,0.27126805,0.38228550
49041,0,USUtahSevier,Utah,Sevier,2020-08-08 09:24:09.020403,2020-04-04 00:00:00.000000,0.00000000,0.00000000,0.00000000,0,0,0,0,0,0,0.00000000,0.00000000,0.00000000,0.24512547,0.26730629,0.40127071
49041,0,USUtahSevier,Utah,Sevier,2020-08-08 09:24:09.020403,2020-04-05 00:00:00.000000,0.00000000,0.00000000,0.00000000,0,0,0,0,0,0,0.00000000,0.00000000,0.00000000,0.25723147,0.27178628,0.42367228
49041,0,USUtahSevier,Utah,Sevier,2020-08-08 09:24:09.020403,2020-04-06 00:00:00.000000,0.00000000,0.00000000,0.00000000,0,0,0,0,0,0,0.00000000,0.00000000,0.00000000,0.25875719,0.29142672,0.44516821
49041,0,USUtahSevier,Utah,Sevier,2020-08-08 09:24:09.020403,2020-04-07 00:00:00.000000,0.00000000,0.00000000,0.00000000,0,0,0,0,0,0,0.00000000,0.00000000,0.00000000,0.25962981,0.30963434,0.45970745
49041,0,USUtahSevier,Utah,Sevier,2020-08-08 09:24:09.020403,2020-04-08 00:00:00.000000,0.00000000,0.00000000,0.00000000,0,0,0,0,0,0,0.00000000,0.00000000,0.00000000,0.26011346,0.31887191,0.46320350
49041,0,USUtahSevier,Utah,Sevier,2020-08-08 09:24:09.020403,2020-04-09 00:00:00.000000,0.00000000,0.00000000,0.00000000,0,0,0,0,0,0,0.00000000,0.00000000,0.00000000,0.26054258,0.32351758,0.45702733
49041,0,USUtahSevier,Utah,Sevier,2020-08-08 09:24:09.020403,2020-04-10 00:00:00.000000,0.00000000,0.00000000,0.00000000,0,0,0,0,0,0,0.00000000,0.00000000,0.00000000,0.26137056,0.32815989,0.44778608
49041,0,USUtahSevier,Utah,Sevier,2020-08-08 09:24:09.020403,2020-04-11 00:00:00.000000,0.00000000,0.00000000,0.00000000,0,0,0,0,0,0,0.00000000,0.00000000,0.00000000,0.26342624,0.33517132,0.44089359
49041,0,USUtahSevier,Utah,Sevier,2020-08-08 09:24:09.020403,2020-04-12 00:00:00.000000,0.00000000,0.00000000,0.00000000,0,0,0,0,0,0,0.00000000,0.00000000,0.00000000,0.26766815,0.34440245,0.43723237
49041,0,USUtahSevier,Utah,Sevier,2020-08-08 09:24:09.020403,2020-04-13 00:00:00.000000,0.00000000,0.00000000,0.00000000,0,0,0,0,0,0,0.00000000,0.00000000,0.00000000,0.27319541,0.35260595,0.43563419
49041,0,USUtahSevier,Utah,Sevier,2020-08-08 09:24:09.020403,2020-04-14 00:00:00.000000,0.00000000,0.00000000,0.00000000,0,0,0,0,0,0,0.00000000,0.00000000,0.00000000,0.27724383,0.35574099,0.43502264
49041,0,USUtahSevier,Utah,Sevier,2020-08-08 09:24:09.020403,2020-04-15 00:00:00.000000,0.00000000,0.00000000,0.00000000,0,0,0,0,0,0,0.00000000,0.00000000,0.00000000,0.27912943,0.35826095,0.43481949
49041,0,USUtahSevier,Utah,Sevier,2020-08-08 09:24:09.020403,2020-04-16 00:00:00.000000,0.00000000,0.00000000,0.00000000,0,0,0,0,0,0,0.00000000,0.00000000,0.00000000,0.27980775,0.37083635,0.43478265
49041,0,USUtahSevier,Utah,Sevier,2020-08-08 09:24:09.020403,2020-04-17 00:00:00.000000,0.00000000,0.00000000,0.00000000,0,0,0,0,0,0,0.00000000,0.00000000,0.00000000,0.27995065,0.38731219,0.43493050
49041,0,USUtahSevier,Utah,Sevier,2020-08-08 09:24:09.020403,2020-04-18 00:00:00.000000,0.00000000,0.00000000,0.00000000,0,0,0,0,0,0,0.00000000,0.00000000,0.00000000,0.27953974,0.39491269,0.43598598
49041,0,USUtahSevier,Utah,Sevier,2020-08-08 09:24:09.020403,2020-04-19 00:00:00.000000,0.00000000,0.00000000,0.00000000,0,0,0,0,0,0,0.00000000,0.00000000,0.00000000,0.27701850,0.39578175,0.43863896
49041,0,USUtahSevier,Utah,Sevier,2020-08-08 09:24:09.020403,2020-04-20 00:00:00.000000,0.00000000,0.00000000,0.00000000,0,0,0,0,0,0,0.00000000,0.00000000,0.00000000,0.26561143,0.39413756,0.43986462
49041,0,USUtahSevier,Utah,Sevier,2020-08-08 09:24:09.020403,2020-04-21 00:00:00.000000,0.00000000,0.00000000,0.00000000,0,0,0,0,0,0,0.00000000,0.00000000,0.00000000,0.23631619,0.39123584,0.43999528
49041,0,USUtahSevier,Utah,Sevier,2020-08-08 09:24:09.020403,2020-04-22 00:00:00.000000,0.00000000,0.00000000,0.00000000,0,0,0,0,0,0,0.00000000,0.00000000,0.00000000,0.21062724,0.38693834,0.43981665
49041,0,USUtahSevier,Utah,Sevier,2020-08-08 09:24:09.020403,2020-04-23 00:00:00.000000,0.00000000,0.00000000,0.00000000,0,0,0,0,0,0,0.00000000,0.00000000,0.00000000,0.20239133,0.37897083,0.43918301
49041,0,USUtahSevier,Utah,Sevier,2020-08-08 09:24:09.020403,2020-04-24 00:00:00.000000,0.00000000,0.00000000,0.00000000,0,0,0,0,0,0,0.00000000,0.00000000,0.00000000,0.20157700,0.36568851,0.43721627
49041,0,USUtahSevier,Utah,Sevier,2020-08-08 09:24:09.020403,2020-04-25 00:00:00.000000,0.00000000,0.00000000,0.00000000,0,0,0,0,0,0,0.00000000,0.00000000,0.00000000,0.20530504,0.35662273,0.43138690
49041,0,USUtahSevier,Utah,Sevier,2020-08-08 09:24:09.020403,2020-04-26 00:00:00.000000,0.00000000,0.00000000,0.00000000,0,0,0,0,0,0,0.00000000,0.00000000,0.00000000,0.21472943,0.35168467,0.41598851
49041,0,USUtahSevier,Utah,Sevier,2020-08-08 09:24:09.020403,2020-04-27 00:00:00.000000,0.00000000,0.00000000,0.00000000,0,0,0,0,0,0,0.00000000,0.00000000,0.00000000,0.22251618,0.34807742,0.38520866
49041,0,USUtahSevier,Utah,Sevier,2020-08-08 09:24:09.020403,2020-04-28 00:00:00.000000,0.00000000,0.00000000,0.00000000,0,0,0,0,0,0,0.00000000,0.00000000,0.00000000,0.22663462,0.34229068,0.35554594
49041,0,USUtahSevier,Utah,Sevier,2020-08-08 09:24:09.020403,2020-04-29 00:00:00.000000,0.00000000,0.00000000,0.00000000,0,0,0,0,0,0,0.00000000,0.00000000,0.00000000,0.23092002,0.32874755,0.35156180
49041,0,USUtahSevier,Utah,Sevier,2020-08-08 09:24:09.020403,2020-04-30 00:00:00.000000,0.00000000,0.00000000,0.00000000,0,0,0,0,0,0,0.00000000,0.00000000,0.00000000,0.23691597,0.32194452,0.34861144
49041,0,USUtahSevier,Utah,Sevier,2020-08-08 09:24:09.020403,2020-05-01 00:00:00.000000,0.00000000,0.00000000,0.00000000,0,0,0,0,0,0,0.00000000,0.00000000,0.00000000,0.24391897,0.31951439,0.34545612
49041,0,USUtahSevier,Utah,Sevier,2020-08-08 09:24:09.020403,2020-05-02 00:00:00.000000,0.00000000,0.00000000,0.00000000,0,0,0,0,0,0,0.00000000,0.00000000,0.00000000,0.25005799,0.32037417,0.33645627
49041,0,USUtahSevier,Utah,Sevier,2020-08-08 09:24:09.020403,2020-05-03 00:00:00.000000,0.00000000,0.00000000,0.00000000,0,0,0,0,0,0,0.00000000,0.00000000,0.00000000,0.25419730,0.31658968,0.32370875
49041,0,USUtahSevier,Utah,Sevier,2020-08-08 09:24:09.020403,2020-05-04 00:00:00.000000,0.00000000,0.00000000,0.00000000,0,0,0,0,0,0,0.00000000,0.00000000,0.00000000,0.25651413,0.30778561,0.32627816
49041,0,USUtahSevier,Utah,Sevier,2020-08-08 09:24:09.020403,2020-05-05 00:00:00.000000,0.00000000,0.00000000,0.00000000,0,0,0,0,0,0,0.00000000,0.00000000,0.00000000,0.25768347,0.30555253,0.32877637
49041,0,USUtahSevier,Utah,Sevier,2020-08-08 09:24:09.020403,2020-05-06 00:00:00.000000,0.00000000,0.00000000,0.00000000,0,0,0,0,0,0,0.00000000,0.00000000,0.00000000,0.25824040,0.30520387,0.33232792
49041,0,USUtahSevier,Utah,Sevier,2020-08-08 09:24:09.020403,2020-05-07 00:00:00.000000,0.00000000,0.00000000,0.00000000,0,0,0,0,0,0,0.00000000,0.00000000,0.00000000,0.25849948,0.30577310,0.33729165
49041,0,USUtahSevier,Utah,Sevier,2020-08-08 09:24:09.020403,2020-05-08 00:00:00.000000,0.00000000,0.00000000,0.00000000,0,0,0,0,0,0,0.00000000,0.00000000,0.00000000,0.25862293,0.30889594,0.34338339
49041,0,USUtahSevier,Utah,Sevier,2020-08-08 09:24:09.020403,2020-05-09 00:00:00.000000,0.00000000,0.00000000,0.00000000,0,0,0,0,0,0,0.00000000,0.00000000,0.00000000,0.25872405,0.31400572,0.34971900
49041,0,USUtahSevier,Utah,Sevier,2020-08-08 09:24:09.020403,2020-05-10 00:00:00.000000,0.00000000,0.00000000,0.00000000,0,0,0,0,0,0,0.00000000,0.00000000,0.00000000,0.25945648,0.31809779,0.35525537
49041,0,USUtahSevier,Utah,Sevier,2020-08-08 09:24:09.020403,2020-05-11 00:00:00.000000,0.00000000,0.00000000,0.00000000,0,0,0,0,0,0,0.00000000,0.00000000,0.00000000,0.26466003,0.32084372,0.35940018
49041,0,USUtahSevier,Utah,Sevier,2020-08-08 09:24:09.020403,2020-05-12 00:00:00.000000,0.00000000,0.00000000,0.00000000,0,0,0,0,0,0,0.00000000,0.00000000,0.00000000,0.26825271,0.32212755,0.36215474
49041,0,USUtahSevier,Utah,Sevier,2020-08-08 09:24:09.020403,2020-05-13 00:00:00.000000,0.00000000,0.00000000,0.00000000,0,0,0,0,0,0,0.00000000,0.00000000,0.00000000,0.26968754,0.32293220,0.36383886
49041,0,USUtahSevier,Utah,Sevier,2020-08-08 09:24:09.020403,2020-05-14 00:00:00.000000,0.00000000,0.00000000,0.00000000,0,0,0,0,0,0,0.00000000,0.00000000,0.00000000,0.27131298,0.32440716,0.36476616
49041,0,USUtahSevier,Utah,Sevier,2020-08-08 09:24:09.020403,2020-05-15 00:00:00.000000,0.00000000,0.00000000,0.00000000,0,0,0,0,0,0,0.00000000,0.00000000,0.00000000,0.27238481,0.32856560,0.36494190
49041,0,USUtahSevier,Utah,Sevier,2020-08-08 09:24:09.020403,2020-05-16 00:00:00.000000,0.00000000,0.00000000,0.00000000,0,0,0,0,0,0,0.00000000,0.00000000,0.00000000,0.27281313,0.33716161,0.36892695
49041,0,USUtahSevier,Utah,Sevier,2020-08-08 09:24:09.020403,2020-05-17 00:00:00.000000,0.00000000,0.00000000,0.00000000,0,0,0,0,0,0,0.00000000,0.00000000,0.00000000,0.27295344,0.33875533,0.40352635
49041,0,USUtahSevier,Utah,Sevier,2020-08-08 09:24:09.020403,2020-05-18 00:00:00.000000,0.00000000,0.00000000,0.00000000,0,0,0,0,0,0,0.00000000,0.00000000,0.00000000,0.27301149,0.33801239,0.44481849
49041,0,USUtahSevier,Utah,Sevier,2020-08-08 09:24:09.020403,2020-05-19 00:00:00.000000,0.00000000,0.00000000,0.00000000,0,0,0,0,0,0,0.00000000,0.00000000,0.00000000,0.27308183,0.33663571,0.47518984
49041,0,USUtahSevier,Utah,Sevier,2020-08-08 09:24:09.020403,2020-05-20 00:00:00.000000,0.00000000,0.00000000,0.00000000,0,0,0,0,0,0,0.00000000,0.00000000,0.00000000,0.27326692,0.33528315,0.49561468
49041,0,USUtahSevier,Utah,Sevier,2020-08-08 09:24:09.020403,2020-05-21 00:00:00.000000,0.00000000,0.00000000,0.00000000,0,0,0,0,0,0,0.00000000,0.00000000,0.00000000,0.27380379,0.32875903,0.51513987
49041,0,USUtahSevier,Utah,Sevier,2020-08-08 09:24:09.020403,2020-05-22 00:00:00.000000,0.00000000,0.00000000,0.00000000,0,0,0,0,0,0,0.00000000,0.00000000,0.00000000,0.27520753,0.32107132,0.53658952
49041,0,USUtahSevier,Utah,Sevier,2020-08-08 09:24:09.020403,2020-05-23 00:00:00.000000,0.00000000,0.00000000,0.00000000,0,0,0,0,0,0,0.00000000,0.00000000,0.00000000,0.27798086,0.31842303,0.55570756
49041,0,USUtahSevier,Utah,Sevier,2020-08-08 09:24:09.020403,2020-05-24 00:00:00.000000,0.00000000,0.00000000,0.00000000,0,0,0,0,0,0,0.00000000,0.00000000,0.00000000,0.28131893,0.31772344,0.56842799
49041,0,USUtahSevier,Utah,Sevier,2020-08-08 09:24:09.020403,2020-05-25 00:00:00.000000,0.00000000,0.00000000,0.00000000,0,0,0,0,0,0,0.00000000,0.00000000,0.00000000,0.28357757,0.31761334,0.57486309
49041,0,USUtahSevier,Utah,Sevier,2020-08-08 09:24:09.020403,2020-05-26 00:00:00.000000,0.00000000,0.00000000,0.00000000,0,0,0,0,0,0,0.00000000,0.00000000,0.00000000,0.28462417,0.31778840,0.57660850
49041,0,USUtahSevier,Utah,Sevier,2020-08-08 09:24:09.020403,2020-05-27 00:00:00.000000,0.00000000,0.00000000,0.00000000,0,0,0,0,0,0,0.00000000,0.00000000,0.00000000,0.28513967,0.31833880,0.57351447
49041,0,USUtahSevier,Utah,Sevier,2020-08-08 09:24:09.020403,2020-05-28 00:00:00.000000,0.00000000,0.00000000,0.00000000,0,0,0,0,0,0,0.00000000,0.00000000,0.00000000,0.28571598,0.31969958,0.56191300
49041,0,USUtahSevier,Utah,Sevier,2020-08-08 09:24:09.020403,2020-05-29 00:00:00.000000,0.00000000,0.00000000,0.00000000,0,0,0,0,0,0,0.00000000,0.00000000,0.00000000,0.28702837,0.32283249,0.53591821
49041,0,USUtahSevier,Utah,Sevier,2020-08-08 09:24:09.020403,2020-05-30 00:00:00.000000,0.00000000,0.00000000,0.00000000,0,0,0,0,0,0,0.00000000,0.00000000,0.00000000,0.29016441,0.32936084,0.49925653
49041,0,USUtahSevier,Utah,Sevier,2020-08-08 09:24:09.020403,2020-05-31 00:00:00.000000,0.00000000,0.00000000,0.00000000,0,0,0,0,0,0,0.00000000,0.00000000,0.00000000,0.29591795,0.34071048,0.46996234
49041,0,USUtahSevier,Utah,Sevier,2020-08-08 09:24:09.020403,2020-06-01 00:00:00.000000,0.00000000,0.00000000,0.00000000,0,0,0,0,0,0,0.00000000,0.00000000,0.00000000,0.30248502,0.35819056,0.45528317
49041,0,USUtahSevier,Utah,Sevier,2020-08-08 09:24:09.020403,2020-06-02 00:00:00.000000,0.00000000,0.00000000,0.00000000,0,0,0,0,0,0,0.00000000,0.00000000,0.00000000,0.30689170,0.37657715,0.44959884
49041,0,USUtahSevier,Utah,Sevier,2020-08-08 09:24:09.020403,2020-06-03 00:00:00.000000,0.00000000,0.00000000,0.00000000,0,0,0,0,0,0,0.00000000,0.00000000,0.00000000,0.30890863,0.37619028,0.44748934
49041,0,USUtahSevier,Utah,Sevier,2020-08-08 09:24:09.020403,2020-06-04 00:00:00.000000,0.00000000,0.00000000,0.00000000,0,0,0,0,0,0,0.00000000,0.00000000,0.00000000,0.30966263,0.35106672,0.44614107
49041,0,USUtahSevier,Utah,Sevier,2020-08-08 09:24:09.020403,2020-06-05 00:00:00.000000,0.00000000,0.00000000,0.00000000,0,0,0,0,0,0,0.00000000,0.00000000,0.00000000,0.30525225,0.33471485,0.44369254
49041,0,USUtahSevier,Utah,Sevier,2020-08-08 09:24:09.020403,2020-06-06 00:00:00.000000,0.00000000,0.00000000,0.00000000,0,0,0,0,0,0,0.00000000,0.00000000,0.00000000,0.29816235,0.33402853,0.44042095
49041,0,USUtahSevier,Utah,Sevier,2020-08-08 09:24:09.020403,2020-06-07 00:00:00.000000,0.00000000,0.00000000,0.00000000,0,0,0,0,0,0,0.00000000,0.00000000,0.00000000,0.29093569,0.33216324,0.43866564
49041,0,USUtahSevier,Utah,Sevier,2020-08-08 09:24:09.020403,2020-06-08 00:00:00.000000,0.00000000,0.00000000,0.00000000,0,0,0,0,0,0,0.00000000,0.00000000,0.00000000,0.28941776,0.33264710,0.43788042
49041,0,USUtahSevier,Utah,Sevier,2020-08-08 09:24:09.020403,2020-06-09 00:00:00.000000,0.00000000,0.00000000,0.00000000,0,0,0,0,0,0,0.00000000,0.00000000,0.00000000,0.28923664,0.33281434,0.43687286
49041,0,USUtahSevier,Utah,Sevier,2020-08-08 09:24:09.020403,2020-06-10 00:00:00.000000,0.00000000,0.00000000,0.00000000,0,0,0,0,0,0,0.00000000,0.00000000,0.00000000,0.28870330,0.33293010,0.43457863
49041,0,USUtahSevier,Utah,Sevier,2020-08-08 09:24:09.020403,2020-06-11 00:00:00.000000,0.00000000,0.00000000,0.00000000,0,0,0,0,0,0,0.00000000,0.00000000,0.00000000,0.28684142,0.33370065,0.42952814
49041,0,USUtahSevier,Utah,Sevier,2020-08-08 09:24:09.020403,2020-06-12 00:00:00.000000,0.00000000,0.00000000,0.00000000,0,0,0,0,0,0,0.00000000,0.00000000,0.00000000,0.28219623,0.33707162,0.42061501
49041,0,USUtahSevier,Utah,Sevier,2020-08-08 09:24:09.020403,2020-06-13 00:00:00.000000,0.00000000,0.00000000,0.00000000,0,0,0,0,0,0,0.00000000,0.00000000,0.00000000,0.27641546,0.34568814,0.40987313
49041,0,USUtahSevier,Utah,Sevier,2020-08-08 09:24:09.020403,2020-06-14 00:00:00.000000,0.00000000,0.00000000,0.00000000,0,0,0,0,0,0,0.00000000,0.00000000,0.00000000,0.27321978,0.35320100,0.40154185
49041,0,USUtahSevier,Utah,Sevier,2020-08-08 09:24:09.020403,2020-06-15 00:00:00.000000,0.00000000,0.00000000,0.00000000,0,0,0,0,0,0,0.00000000,0.00000000,0.00000000,0.27226451,0.35847864,0.39691353
49041,0,USUtahSevier,Utah,Sevier,2020-08-08 09:24:09.020403,2020-06-16 00:00:00.000000,0.00000000,0.00000000,0.00000000,0,0,0,0,0,0,0.00000000,0.00000000,0.00000000,0.27234208,0.36074635,0.39458296
49041,0,USUtahSevier,Utah,Sevier,2020-08-08 09:24:09.020403,2020-06-17 00:00:00.000000,0.00000000,0.00000000,0.00000000,0,0,0,0,0,0,0.00000000,0.00000000,0.00000000,0.27352112,0.36324037,0.39281601
49041,0,USUtahSevier,Utah,Sevier,2020-08-08 09:24:09.020403,2020-06-18 00:00:00.000000,0.00000000,0.00000000,0.00000000,0,0,0,0,0,0,0.00000000,0.00000000,0.00000000,0.27773531,0.36903559,0.38998088
49041,0,USUtahSevier,Utah,Sevier,2020-08-08 09:24:09.020403,2020-06-19 00:00:00.000000,0.00000000,0.00000000,0.00000000,0,0,0,0,0,0,0.00000000,0.00000000,0.00000000,0.29045534,0.37494724,0.40074688
49041,0,USUtahSevier,Utah,Sevier,2020-08-08 09:24:09.020403,2020-06-20 00:00:00.000000,0.00000000,0.00000000,0.00000000,0,0,0,0,0,0,0.00000000,0.00000000,0.00000000,0.31753570,0.38052112,0.42216747
49041,0,USUtahSevier,Utah,Sevier,2020-08-08 09:24:09.020403,2020-06-21 00:00:00.000000,0.00000000,0.00000000,0.00000000,0,0,0,0,0,0,0.00000000,0.00000000,0.00000000,0.34962263,0.38877423,0.43735331
49041,0,USUtahSevier,Utah,Sevier,2020-08-08 09:24:09.020403,2020-06-22 00:00:00.000000,0.00000000,0.00000000,0.00000000,0,0,0,0,0,0,0.00000000,0.00000000,0.00000000,0.36609208,0.39983660,0.44418646
49041,0,USUtahSevier,Utah,Sevier,2020-08-08 09:24:09.020403,2020-06-23 00:00:00.000000,0.00000000,0.00000000,0.00000000,0,0,0,0,0,0,0.00000000,0.00000000,0.00000000,0.36465472,0.41512941,0.44644868
49041,0,USUtahSevier,Utah,Sevier,2020-08-08 09:24:09.020403,2020-06-24 00:00:00.000000,0.00000000,0.00000000,0.00000000,0,0,0,0,0,0,0.00000000,0.00000000,0.00000000,0.36420337,0.42810411,0.44690209
49041,0,USUtahSevier,Utah,Sevier,2020-08-08 09:24:09.020403,2020-06-25 00:00:00.000000,0.00000000,0.00000000,0.00000000,0,0,0,0,0,0,0.00000000,0.00000000,0.00000000,0.36438176,0.42905392,0.46153355
49041,0,USUtahSevier,Utah,Sevier,2020-08-08 09:24:09.020403,2020-06-26 00:00:00.000000,0.00000000,0.00000000,0.00000000,0,0,0,0,0,0,0.00000000,0.00000000,0.00000000,0.36576492,0.42168080,0.48165356
49041,0,USUtahSevier,Utah,Sevier,2020-08-08 09:24:09.020403,2020-06-27 00:00:00.000000,0.00000000,0.00000000,0.00000000,0,0,0,0,0,0,0.00000000,0.00000000,0.00000000,0.36925297,0.41291480,0.49114637
49041,0,USUtahSevier,Utah,Sevier,2020-08-08 09:24:09.020403,2020-06-28 00:00:00.000000,0.00000000,0.00000000,0.00000000,0,0,0,0,0,0,0.00000000,0.00000000,0.00000000,0.37249908,0.40304224,0.49089270
49041,0,USUtahSevier,Utah,Sevier,2020-08-08 09:24:09.020403,2020-06-29 00:00:00.000000,0.00000000,0.00000000,0.00000000,0,0,0,0,0,0,0.00000000,0.00000000,0.00000000,0.37370519,0.39409415,0.47959660
49041,0,USUtahSevier,Utah,Sevier,2020-08-08 09:24:09.020403,2020-06-30 00:00:00.000000,0.00000000,0.00000000,0.00000000,0,0,0,0,0,0,0.00000000,0.00000000,0.00000000,0.36998039,0.39018059,0.46110379
49041,0,USUtahSevier,Utah,Sevier,2020-08-08 09:24:09.020403,2020-07-01 00:00:00.000000,0.00000000,0.00000000,0.00000000,0,0,0,0,0,0,0.00000000,0.00000000,0.00000000,0.36738720,0.38728381,0.44767818
49041,0,USUtahSevier,Utah,Sevier,2020-08-08 09:24:09.020403,2020-07-02 00:00:00.000000,0.00000000,0.00000000,0.00000000,0,0,0,0,0,0,0.00000000,0.00000000,0.00000000,0.36556190,0.38242655,0.44211881
49041,0,USUtahSevier,Utah,Sevier,2020-08-08 09:24:09.020403,2020-07-03 00:00:00.000000,0.00000000,0.00000000,0.00000000,0,0,0,0,0,0,0.00000000,0.00000000,0.00000000,0.36329772,0.37307611,0.44033063
49041,0,USUtahSevier,Utah,Sevier,2020-08-08 09:24:09.020403,2020-07-04 00:00:00.000000,0.00000000,0.00000000,0.00000000,0,0,0,0,0,0,0.00000000,0.00000000,0.00000000,0.35712753,0.36348589,0.43976390
49041,0,USUtahSevier,Utah,Sevier,2020-08-08 09:24:09.020403,2020-07-05 00:00:00.000000,0.00000000,0.00000000,0.00000000,0,0,0,0,0,0,0.00000000,0.00000000,0.00000000,0.34627948,0.35615491,0.43952995
49041,0,USUtahSevier,Utah,Sevier,2020-08-08 09:24:09.020403,2020-07-06 00:00:00.000000,0.00000000,0.00000000,0.00000000,0,0,0,0,0,0,0.00000000,0.00000000,0.00000000,0.34201553,0.35284560,0.43936456
49041,0,USUtahSevier,Utah,Sevier,2020-08-08 09:24:09.020403,2020-07-07 00:00:00.000000,0.00000000,0.00000000,0.00000000,0,0,0,0,0,0,0.00000000,0.00000000,0.00000000,0.34066927,0.35538401,0.43919482
49041,0,USUtahSevier,Utah,Sevier,2020-08-08 09:24:09.020403,2020-07-08 00:00:00.000000,0.00000000,0.00000000,0.00000000,0,0,0,0,0,0,0.00000000,0.00000000,0.00000000,0.34023082,0.36696888,0.43900517
49041,0,USUtahSevier,Utah,Sevier,2020-08-08 09:24:09.020403,2020-07-09 00:00:00.000000,0.00000000,0.00000000,0.00000000,0,0,0,0,0,0,0.00000000,0.00000000,0.00000000,0.34006473,0.38263253,0.43878525
49041,0,USUtahSevier,Utah,Sevier,2020-08-08 09:24:09.020403,2020-07-10 00:00:00.000000,0.00000000,0.00000000,0.00000000,0,0,0,0,0,0,0.00000000,0.00000000,0.00000000,0.33989826,0.39623001,0.43846450
49041,0,USUtahSevier,Utah,Sevier,2020-08-08 09:24:09.020403,2020-07-11 00:00:00.000000,0.00000000,0.00000000,0.00000000,0,0,0,0,0,0,0.00000000,0.00000000,0.00000000,0.33945535,0.40164003,0.44679271
49041,0,USUtahSevier,Utah,Sevier,2020-08-08 09:24:09.020403,2020-07-12 00:00:00.000000,0.00000000,0.00000000,0.00000000,0,0,0,0,0,0,0.00000000,0.00000000,0.00000000,0.33833271,0.40794337,0.45435774
49041,0,USUtahSevier,Utah,Sevier,2020-08-08 09:24:09.020403,2020-07-13 00:00:00.000000,0.00000000,0.00000000,0.00000000,0,0,0,0,0,0,0.00000000,0.00000000,0.00000000,0.33560536,0.41464294,0.45762544
49041,0,USUtahSevier,Utah,Sevier,2020-08-08 09:24:09.020403,2020-07-14 00:00:00.000000,0.00000000,0.00000000,0.00000000,0,0,0,0,0,0,0.00000000,0.00000000,0.00000000,0.33106581,0.41506964,0.45899170
49041,0,USUtahSevier,Utah,Sevier,2020-08-08 09:24:09.020403,2020-07-15 00:00:00.000000,0.00000000,0.00000000,0.00000000,0,0,0,0,0,0,0.00000000,0.00000000,0.00000000,0.32672585,0.41231148,0.45959226
49041,0,USUtahSevier,Utah,Sevier,2020-08-08 09:24:09.020403,2020-07-16 00:00:00.000000,0.00000000,0.00000000,0.00000000,0,0,0,0,0,0,0.00000000,0.00000000,0.00000000,0.32403762,0.40815275,0.46001528
49041,0,USUtahSevier,Utah,Sevier,2020-08-08 09:24:09.020403,2020-07-17 00:00:00.000000,0.00000000,0.00000000,0.00000000,0,0,0,0,0,0,0.00000000,0.00000000,0.00000000,0.32304598,0.40129625,0.46086290
49041,0,USUtahSevier,Utah,Sevier,2020-08-08 09:24:09.020403,2020-07-18 00:00:00.000000,0.00000000,0.00000000,0.00000000,0,0,0,0,0,0,0.00000000,0.00000000,0.00000000,0.32379947,0.38232593,0.46364944
49041,0,USUtahSevier,Utah,Sevier,2020-08-08 09:24:09.020403,2020-07-19 00:00:00.000000,0.00000000,0.00000000,0.00000000,0,0,0,0,0,0,0.00000000,0.00000000,0.00000000,0.32995945,0.36120850,0.47284424
49041,0,USUtahSevier,Utah,Sevier,2020-08-08 09:24:09.020403,2020-07-20 00:00:00.000000,0.00000000,0.00000000,0.00000000,0,0,0,0,0,0,0.00000000,0.00000000,0.00000000,0.32145741,0.37580512,0.49673207
49041,0,USUtahSevier,Utah,Sevier,2020-08-08 09:24:09.020403,2020-07-21 00:00:00.000000,0.00000000,0.00000000,0.00000000,0,0,0,0,0,0,0.00000000,0.00000000,0.00000000,0.32049672,0.39493454,0.53259418
49041,0,USUtahSevier,Utah,Sevier,2020-08-08 09:24:09.020403,2020-07-22 00:00:00.000000,0.00000000,0.00000000,0.00000000,0,0,0,0,0,0,0.00000000,0.00000000,0.00000000,0.32041980,0.40386318,0.55744027
49041,0,USUtahSevier,Utah,Sevier,2020-08-08 09:24:09.020403,2020-07-23 00:00:00.000000,0.00000000,0.00000000,0.00000000,0,0,0,0,0,0,0.00000000,0.00000000,0.00000000,0.32047415,0.40138201,0.56415522
49041,0,USUtahSevier,Utah,Sevier,2020-08-08 09:24:09.020403,2020-07-24 00:00:00.000000,0.00000000,0.00000000,0.00000000,0,0,0,0,0,0,0.00000000,0.00000000,0.00000000,0.32067384,0.39559486,0.55772905
49041,0,USUtahSevier,Utah,Sevier,2020-08-08 09:24:09.020403,2020-07-25 00:00:00.000000,0.00000000,0.00000000,0.00000000,0,0,0,0,0,0,0.00000000,0.00000000,0.00000000,0.32129869,0.38879575,0.54009890
49041,0,USUtahSevier,Utah,Sevier,2020-08-08 09:24:09.020403,2020-07-26 00:00:00.000000,0.00000000,0.00000000,0.00000000,0,0,0,0,0,0,0.00000000,0.00000000,0.00000000,0.32318744,0.38222897,0.51788375
49041,0,USUtahSevier,Utah,Sevier,2020-08-08 09:24:09.020403,2020-07-27 00:00:00.000000,0.00000000,0.00000000,0.00000000,0,0,0,0,0,0,0.00000000,0.00000000,0.00000000,0.32864199,0.37685755,0.50199526
49041,0,USUtahSevier,Utah,Sevier,2020-08-08 09:24:09.020403,2020-07-28 00:00:00.000000,0.00000000,0.00000000,0.00000000,0,0,0,0,0,0,0.00000000,0.00000000,0.00000000,0.34216769,0.37308805,0.49446113
49041,0,USUtahSevier,Utah,Sevier,2020-08-08 09:24:09.020403,2020-07-29 00:00:00.000000,0.00000000,0.00000000,0.00000000,0,0,0,0,0,0,0.00000000,0.00000000,0.00000000,0.35561675,0.37590257,0.49155024
49041,0,USUtahSevier,Utah,Sevier,2020-08-08 09:24:09.020403,2020-07-30 00:00:00.000000,0.00000000,0.00000000,0.00000000,0,0,0,0,0,0,0.00000000,0.00000000,0.00000000,0.35612466,0.38683822,0.49029649
49041,0,USUtahSevier,Utah,Sevier,2020-08-08 09:24:09.020403,2020-07-31 00:00:00.000000,0.00000000,0.00000000,0.00000000,0,0,0,0,0,0,0.00000000,0.00000000,0.00000000,0.35710757,0.39277243,0.48795920
49041,0,USUtahSevier,Utah,Sevier,2020-08-08 09:24:09.020403,2020-08-01 00:00:00.000000,0.00000000,0.00000000,0.00000000,0,0,0,0,0,0,0.00000000,0.00000000,0.00000000,0.35838766,0.39517720,0.47596004
49041,0,USUtahSevier,Utah,Sevier,2020-08-08 09:24:09.020403,2020-08-02 00:00:00.000000,0.00000000,0.00000000,0.00000000,0,0,0,0,0,0,0.00000000,0.00000000,0.00000000,0.35966046,0.39714495,0.45426860
49041,0,USUtahSevier,Utah,Sevier,2020-08-08 09:24:09.020403,2020-08-03 00:00:00.000000,0.00000000,0.00000000,0.00000000,0,0,0,0,0,0,0.00000000,0.00000000,0.00000000,0.36067005,0.40840216,0.44658277
49041,0,USUtahSevier,Utah,Sevier,2020-08-08 09:24:09.020403,2020-08-04 00:00:00.000000,0.00000000,0.00000000,0.00000000,0,0,0,0,0,0,0.00000000,0.00000000,0.00000000,0.36134107,0.42525148,0.48823558
49041,0,USUtahSevier,Utah,Sevier,2020-08-08 09:24:09.020403,2020-08-05 00:00:00.000000,0.00000000,0.00000000,0.00000000,0,0,0,0,0,0,0.00000000,0.00000000,0.00000000,0.36174093,0.43230145,0.51345036
49041,0,USUtahSevier,Utah,Sevier,2020-08-08 09:24:09.020403,2020-08-06 00:00:00.000000,0.00000000,0.00000000,0.00000000,0,0,0,0,0,0,0.00000000,0.00000000,0.00000000,0.36196216,0.43322655,0.51674920
49041,0,USUtahSevier,Utah,Sevier,2020-08-08 09:24:09.020403,2020-08-07 00:00:00.000000,0.00000000,0.00000000,0.00000000,0,0,0,0,0,0,0.00000000,0.00000000,0.00000000,0.36207953,0.43328334,0.51708237
49041,0,USUtahSevier,Utah,Sevier,2020-08-08 09:24:09.020403,2020-08-08 00:00:00.000000,0.00000000,0.00000000,0.00000000,0,0,0,0,0,0,0.00000000,0.00000000,0.00000000,0.36214039,0.43328142,0.51711606
49041,0,USUtahSevier,Utah,Sevier,2020-08-08 09:24:09.020403,2020-08-09 00:00:00.000000,0.00000000,0.00000000,0.00000000,0,0,0,0,0,0,0.00000000,0.00000000,0.00000000,0.36217153,0.43327815,0.51711986
49041,0,USUtahSevier,Utah,Sevier,2020-08-08 09:24:09.020403,2020-08-10 00:00:00.000000,0.00000000,0.00000000,0.00000000,0,0,0,0,0,0,0.00000000,0.00000000,0.00000000,0.36218733,0.43327624,0.51712040
49041,0,USUtahSevier,Utah,Sevier,2020-08-08 09:24:09.020403,2020-08-11 00:00:00.000000,0.00000000,0.00000000,0.00000000,0,0,0,0,0,0,0.00000000,0.00000000,0.00000000,0.36219529,0.43327522,0.51712052
49041,0,USUtahSevier,Utah,Sevier,2020-08-08 09:24:09.020403,2020-08-12 00:00:00.000000,0.00000000,0.00000000,0.00000000,0,0,0,0,0,0,0.00000000,0.00000000,0.00000000,0.36219928,0.43327467,0.51712054
49041,0,USUtahSevier,Utah,Sevier,2020-08-08 09:24:09.020403,2020-08-13 00:00:00.000000,0.00000000,0.00000000,0.00000000,0,0,0,0,0,0,0.00000000,0.00000000,0.00000000,0.36220127,0.43327437,0.51712055
49041,0,USUtahSevier,Utah,Sevier,2020-08-08 09:24:09.020403,2020-08-14 00:00:00.000000,0.00000000,0.00000000,0.00000000,0,0,0,0,0,0,0.00000000,0.00000000,0.00000000,0.36220224,0.43327422,0.51712056
49041,0,USUtahSevier,Utah,Sevier,2020-08-08 09:24:09.020403,2020-08-15 00:00:00.000000,0.00000000,0.00000000,0.00000000,0,0,0,0,0,0,0.00000000,0.00000000,0.00000000,0.36220272,0.43327413,0.51712056
49041,0,USUtahSevier,Utah,Sevier,2020-08-08 09:24:09.020403,2020-08-16 00:00:00.000000,0.00000000,0.00000000,0.00000000,0,0,0,0,0,0,0.00000000,0.00000000,0.00000000,0.36220295,0.43327409,0.51712056
49041,0,USUtahSevier,Utah,Sevier,2020-08-08 09:24:09.020403,2020-08-17 00:00:00.000000,0.00000000,0.00000000,0.00000000,0,0,0,0,0,0,0.00000000,0.00000000,0.00000000,0.36220306,0.43327407,0.51712056
49041,0,USUtahSevier,Utah,Sevier,2020-08-08 09:24:09.020403,2020-08-18 00:00:00.000000,0.00000000,0.00000000,0.00000000,0,0,0,0,0,0,0.00000000,0.00000000,0.00000000,0.36220311,0.43327405,0.51712056
49041,0,USUtahSevier,Utah,Sevier,2020-08-08 09:24:09.020403,2020-08-19 00:00:00.000000,0.00000000,0.00000000,0.00000000,0,0,0,0,0,0,0.00000000,0.00000000,0.00000000,0.36220313,0.43327405,0.51712056
49041,0,USUtahSevier,Utah,Sevier,2020-08-08 09:24:09.020403,2020-08-20 00:00:00.000000,0.00000000,0.00000000,0.00000000,0,0,0,0,0,0,0.00000000,0.00000000,0.00000000,0.36220314,0.43327404,0.51712056
49041,0,USUtahSevier,Utah,Sevier,2020-10-20 17:39:21.987463,2020-03-09 00:00:00.000000,0.00000000,0.00000000,0.00000000,0,0,0,0,0,0,0.00000000,0.00000000,0.00000000,0.06382182,0.06429221,0.06473697
49041,0,USUtahSevier,Utah,Sevier,2020-10-20 17:39:21.987463,2020-03-10 00:00:00.000000,0.00000000,0.00000000,0.00000000,0,0,0,0,0,0,0.00000000,0.00000000,0.00000000,0.06383537,0.06430051,0.06474004
49041,0,USUtahSevier,Utah,Sevier,2020-10-20 17:39:21.987463,2020-03-11 00:00:00.000000,0.00000000,0.00000000,0.00000000,0,0,0,0,0,0,0.00000000,0.00000000,0.00000000,0.06385948,0.06431668,0.06474829
49041,0,USUtahSevier,Utah,Sevier,2020-10-20 17:39:21.987463,2020-03-12 00:00:00.000000,0.00000000,0.00000000,0.00000000,0,0,0,0,0,0,0.00000000,0.00000000,0.00000000,0.06390235,0.06434907,0.06477025
49041,0,USUtahSevier,Utah,Sevier,2020-10-20 17:39:21.987463,2020-03-13 00:00:00.000000,0.00000000,0.00000000,0.00000000,0,0,0,0,0,0,0.00000000,0.00000000,0.00000000,0.06397849,0.06441611,0.06482832
49041,0,USUtahSevier,Utah,Sevier,2020-10-20 17:39:21.987463,2020-03-14 00:00:00.000000,0.00000000,0.00000000,0.00000000,0,0,0,0,0,0,0.00000000,0.00000000,0.00000000,0.06411362,0.06455993,0.06498106
49041,0,USUtahSevier,Utah,Sevier,2020-10-20 17:39:21.987463,2020-03-15 00:00:00.000000,0.00000000,0.00000000,0.00000000,0,0,0,0,0,0,0.00000000,0.00000000,0.00000000,0.06435305,0.06487918,0.06538066
49041,0,USUtahSevier,Utah,Sevier,2020-10-20 17:39:21.987463,2020-03-16 00:00:00.000000,0.00000000,0.00000000,0.00000000,0,0,0,0,0,0,0.00000000,0.00000000,0.00000000,0.06477604,0.06560783,0.06641596
49041,0,USUtahSevier,Utah,Sevier,2020-10-20 17:39:21.987463,2020-03-17 00:00:00.000000,0.00000000,0.00000000,0.00000000,0,0,0,0,0,0,0.00000000,0.00000000,0.00000000,0.06551972,0.06729071,0.06903995
49041,0,USUtahSevier,Utah,Sevier,2020-10-20 17:39:21.987463,2020-03-18 00:00:00.000000,0.00000000,0.00000000,0.00000000,0,0,0,0,0,0,0.00000000,0.00000000,0.00000000,0.06681560,0.07108570,0.07533755
49041,0,USUtahSevier,Utah,Sevier,2020-10-20 17:39:21.987463,2020-03-19 00:00:00.000000,0.00000000,0.00000000,0.00000000,0,0,0,0,0,0,0.00000000,0.00000000,0.00000000,0.06904102,0.07883031,0.08860635
49041,0,USUtahSevier,Utah,Sevier,2020-10-20 17:39:21.987463,2020-03-20 00:00:00.000000,0.00000000,0.00000000,0.00000000,0,0,0,0,0,0,0.00000000,0.00000000,0.00000000,0.07276158,0.09138939,0.11000387
49041,0,USUtahSevier,Utah,Sevier,2020-10-20 17:39:21.987463,2020-03-21 00:00:00.000000,0.00000000,0.00000000,0.00000000,0,0,0,0,0,0,0.00000000,0.00000000,0.00000000,0.07869597,0.10579874,0.13288548
49041,0,USUtahSevier,Utah,Sevier,2020-10-20 17:39:21.987463,2020-03-22 00:00:00.000000,0.00000000,0.00000000,0.00000000,0,0,0,0,0,0,0.00000000,0.00000000,0.00000000,0.08741547,0.11807144,0.14870133
49041,0,USUtahSevier,Utah,Sevier,2020-10-20 17:39:21.987463,2020-03-23 00:00:00.000000,0.00000000,0.00000000,0.00000000,0,0,0,0,0,0,0.00000000,0.00000000,0.00000000,0.09857033,0.12756457,0.15651745
49041,0,USUtahSevier,Utah,Sevier,2020-10-20 17:39:21.987463,2020-03-24 00:00:00.000000,0.00000000,0.00000000,0.00000000,0,0,0,0,0,0,0.00000000,0.00000000,0.00000000,0.11013365,0.13481768,0.15944843
49041,0,USUtahSevier,Utah,Sevier,2020-10-20 17:39:21.987463,2020-03-25 00:00:00.000000,0.00000000,0.00000000,0.00000000,0,0,0,0,0,0,0.00000000,0.00000000,0.00000000,0.11940725,0.13969449,0.15992133
49041,0,USUtahSevier,Utah,Sevier,2020-10-20 17:39:21.987463,2020-03-26 00:00:00.000000,0.00000000,0.00000000,0.00000000,0,0,0,0,0,0,0.00000000,0.00000000,0.00000000,0.12564595,0.14238588,0.15906830
49041,0,USUtahSevier,Utah,Sevier,2020-10-20 17:39:21.987463,2020-03-27 00:00:00.000000,0.00000000,0.00000000,0.00000000,0,0,0,0,0,0,0.00000000,0.00000000,0.00000000,0.13000480,0.14368525,0.15731811
49041,0,USUtahSevier,Utah,Sevier,2020-10-20 17:39:21.987463,2020-03-28 00:00:00.000000,0.00000000,0.00000000,0.00000000,0,0,0,0,0,0,0.00000000,0.00000000,0.00000000,0.13339150,0.14415267,0.15487589
49041,0,USUtahSevier,Utah,Sevier,2020-10-20 17:39:21.987463,2020-03-29 00:00:00.000000,0.00000000,0.00000000,0.00000000,0,0,0,0,0,0,0.00000000,0.00000000,0.00000000,0.13613160,0.14407278,0.15198430
49041,0,USUtahSevier,Utah,Sevier,2020-10-20 17:39:21.987463,2020-03-30 00:00:00.000000,0.00000000,0.00000000,0.00000000,0,0,0,0,0,0,0.00000000,0.00000000,0.00000000,0.13848789,0.14374904,0.14898697
49041,0,USUtahSevier,Utah,Sevier,2020-10-20 17:39:21.987463,2020-03-31 00:00:00.000000,0.00000000,0.00000000,0.00000000,0,0,0,0,0,0,0.00000000,0.00000000,0.00000000,0.14079738,0.14352117,0.14622582
49041,0,USUtahSevier,Utah,Sevier,2020-10-20 17:39:21.987463,2020-04-01 00:00:00.000000,0.00000000,0.00000000,0.00000000,0,0,0,0,0,0,0.00000000,0.00000000,0.00000000,0.14335049,0.14362703,0.14388702
49041,0,USUtahSevier,Utah,Sevier,2020-10-20 17:39:21.987463,2020-04-02 00:00:00.000000,0.00000000,0.00000000,0.00000000,0,0,0,0,0,0,0.00000000,0.00000000,0.00000000,0.14192425,0.14407018,0.14622944
49041,0,USUtahSevier,Utah,Sevier,2020-10-20 17:39:21.987463,2020-04-03 00:00:00.000000,0.00000000,0.00000000,0.00000000,0,0,0,0,0,0,0.00000000,0.00000000,0.00000000,0.14011440,0.14462454,0.14914632
49041,0,USUtahSevier,Utah,Sevier,2020-10-20 17:39:21.987463,2020-04-04 00:00:00.000000,0.00000000,0.00000000,0.00000000,0,0,0,0,0,0,0.00000000,0.00000000,0.00000000,0.13815980,0.14492936,0.15171036
49041,0,USUtahSevier,Utah,Sevier,2020-10-20 17:39:21.987463,2020-04-05 00:00:00.000000,0.00000000,0.00000000,0.00000000,0,0,0,0,0,0,0.00000000,0.00000000,0.00000000,0.13599888,0.14481820,0.15365006
49041,0,USUtahSevier,Utah,Sevier,2020-10-20 17:39:21.987463,2020-04-06 00:00:00.000000,0.00000000,0.00000000,0.00000000,0,0,0,0,0,0,0.00000000,0.00000000,0.00000000,0.13413269,0.14453896,0.15495759
49041,0,USUtahSevier,Utah,Sevier,2020-10-20 17:39:21.987463,2020-04-07 00:00:00.000000,0.00000000,0.00000000,0.00000000,0,0,0,0,0,0,0.00000000,0.00000000,0.00000000,0.13362326,0.14470958,0.15580758
49041,0,USUtahSevier,Utah,Sevier,2020-10-20 17:39:21.987463,2020-04-08 00:00:00.000000,0.00000000,0.00000000,0.00000000,0,0,0,0,0,0,0.00000000,0.00000000,0.00000000,0.13622903,0.14635823,0.15649856
49041,0,USUtahSevier,Utah,Sevier,2020-10-20 17:39:21.987463,2020-04-09 00:00:00.000000,0.00000000,0.00000000,0.00000000,0,0,0,0,0,0,0.00000000,0.00000000,0.00000000,0.14524967,0.15145896,0.15767643
49041,0,USUtahSevier,Utah,Sevier,2020-10-20 17:39:21.987463,2020-04-10 00:00:00.000000,0.00000000,0.00000000,0.00000000,0,0,0,0,0,0,0.00000000,0.00000000,0.00000000,0.16112663,0.16233997,0.16355366
49041,0,USUtahSevier,Utah,Sevier,2020-10-20 17:39:21.987463,2020-04-11 00:00:00.000000,0.00000000,0.00000000,0.00000000,0,0,0,0,0,0,0.00000000,0.00000000,0.00000000,0.16996746,0.17747971,0.18498530
49041,0,USUtahSevier,Utah,Sevier,2020-10-20 17:39:21.987463,2020-04-12 00:00:00.000000,0.00000000,0.00000000,0.00000000,0,0,0,0,0,0,0.00000000,0.00000000,0.00000000,0.18155213,0.19029294,0.19902937
49041,0,USUtahSevier,Utah,Sevier,2020-10-20 17:39:21.987463,2020-04-13 00:00:00.000000,0.00000000,0.00000000,0.00000000,0,0,0,0,0,0,0.00000000,0.00000000,0.00000000,0.18814002,0.19660450,0.20506250
49041,0,USUtahSevier,Utah,Sevier,2020-10-20 17:39:21.987463,2020-04-14 00:00:00.000000,0.00000000,0.00000000,0.00000000,0,0,0,0,0,0,0.00000000,0.00000000,0.00000000,0.19028923,0.19862112,0.20694481
49041,0,USUtahSevier,Utah,Sevier,2020-10-20 17:39:21.987463,2020-04-15 00:00:00.000000,0.00000000,0.00000000,0.00000000,0,0,0,0,0,0,0.00000000,0.00000000,0.00000000,0.19085531,0.19882705,0.20679001
49041,0,USUtahSevier,Utah,Sevier,2020-10-20 17:39:21.987463,2020-04-16 00:00:00.000000,0.00000000,0.00000000,0.00000000,0,0,0,0,0,0,0.00000000,0.00000000,0.00000000,0.19099401,0.19791314,0.20482400
49041,0,USUtahSevier,Utah,Sevier,2020-10-20 17:39:21.987463,2020-04-17 00:00:00.000000,0.00000000,0.00000000,0.00000000,0,0,0,0,0,0,0.00000000,0.00000000,0.00000000,0.19101156,0.19589104,0.20076157
49041,0,USUtahSevier,Utah,Sevier,2020-10-20 17:39:21.987463,2020-04-18 00:00:00.000000,0.00000000,0.00000000,0.00000000,0,0,0,0,0,0,0.00000000,0.00000000,0.00000000,0.19090091,0.19344256,0.19597240
49041,0,USUtahSevier,Utah,Sevier,2020-10-20 17:39:21.987463,2020-04-19 00:00:00.000000,0.00000000,0.00000000,0.00000000,0,0,0,0,0,0,0.00000000,0.00000000,0.00000000,0.19008170,0.19140643,0.19272127
49041,0,USUtahSevier,Utah,Sevier,2020-10-20 17:39:21.987463,2020-04-20 00:00:00.000000,0.00000000,0.00000000,0.00000000,0,0,0,0,0,0,0.00000000,0.00000000,0.00000000,0.18650488,0.18887472,0.19123728
49041,0,USUtahSevier,Utah,Sevier,2020-10-20 17:39:21.987463,2020-04-21 00:00:00.000000,0.00000000,0.00000000,0.00000000,0,0,0,0,0,0,0.00000000,0.00000000,0.00000000,0.18236781,0.18652865,0.19067814
49041,0,USUtahSevier,Utah,Sevier,2020-10-20 17:39:21.987463,2020-04-22 00:00:00.000000,0.00000000,0.00000000,0.00000000,0,0,0,0,0,0,0.00000000,0.00000000,0.00000000,0.18102685,0.18575006,0.19045998
49041,0,USUtahSevier,Utah,Sevier,2020-10-20 17:39:21.987463,2020-04-23 00:00:00.000000,0.00000000,0.00000000,0.00000000,0,0,0,0,0,0,0.00000000,0.00000000,0.00000000,0.18031338,0.18529438,0.19026283
49041,0,USUtahSevier,Utah,Sevier,2020-10-20 17:39:21.987463,2020-04-24 00:00:00.000000,0.00000000,0.00000000,0.00000000,0,0,0,0,0,0,0.00000000,0.00000000,0.00000000,0.17926259,0.18444272,0.18961222
49041,0,USUtahSevier,Utah,Sevier,2020-10-20 17:39:21.987463,2020-04-25 00:00:00.000000,0.00000000,0.00000000,0.00000000,0,0,0,0,0,0,0.00000000,0.00000000,0.00000000,0.17773913,0.18237500,0.18700156
49041,0,USUtahSevier,Utah,Sevier,2020-10-20 17:39:21.987463,2020-04-26 00:00:00.000000,0.00000000,0.00000000,0.00000000,0,0,0,0,0,0,0.00000000,0.00000000,0.00000000,0.17610409,0.17817405,0.18023417
49041,0,USUtahSevier,Utah,Sevier,2020-10-20 17:39:21.987463,2020-04-27 00:00:00.000000,0.00000000,0.00000000,0.00000000,0,0,0,0,0,0,0.00000000,0.00000000,0.00000000,0.17331857,0.17409960,0.17489516
49041,0,USUtahSevier,Utah,Sevier,2020-10-20 17:39:21.987463,2020-04-28 00:00:00.000000,0.00000000,0.00000000,0.00000000,0,0,0,0,0,0,0.00000000,0.00000000,0.00000000,0.17061384,0.17247858,0.17435786
49041,0,USUtahSevier,Utah,Sevier,2020-10-20 17:39:21.987463,2020-04-29 00:00:00.000000,0.00000000,0.00000000,0.00000000,0,0,0,0,0,0,0.00000000,0.00000000,0.00000000,0.17009963,0.17247378,0.17486350
49041,0,USUtahSevier,Utah,Sevier,2020-10-20 17:39:21.987463,2020-04-30 00:00:00.000000,0.00000000,0.00000000,0.00000000,0,0,0,0,0,0,0.00000000,0.00000000,0.00000000,0.17045368,0.17417062,0.17790447
49041,0,USUtahSevier,Utah,Sevier,2020-10-20 17:39:21.987463,2020-05-01 00:00:00.000000,0.00000000,0.00000000,0.00000000,0,0,0,0,0,0,0.00000000,0.00000000,0.00000000,0.17179030,0.17942796,0.18708594
49041,0,USUtahSevier,Utah,Sevier,2020-10-20 17:39:21.987463,2020-05-02 00:00:00.000000,0.00000000,0.00000000,0.00000000,0,0,0,0,0,0,0.00000000,0.00000000,0.00000000,0.17451296,0.18869281,0.20289150
49041,0,USUtahSevier,Utah,Sevier,2020-10-20 17:39:21.987463,2020-05-03 00:00:00.000000,0.00000000,0.00000000,0.00000000,0,0,0,0,0,0,0.00000000,0.00000000,0.00000000,0.17762010,0.19641788,0.21522606
49041,0,USUtahSevier,Utah,Sevier,2020-10-20 17:39:21.987463,2020-05-04 00:00:00.000000,0.00000000,0.00000000,0.00000000,0,0,0,0,0,0,0.00000000,0.00000000,0.00000000,0.17951834,0.19950464,0.21949579
49041,0,USUtahSevier,Utah,Sevier,2020-10-20 17:39:21.987463,2020-05-05 00:00:00.000000,0.00000000,0.00000000,0.00000000,0,0,0,0,0,0,0.00000000,0.00000000,0.00000000,0.18025326,0.19974267,0.21923407
49041,0,USUtahSevier,Utah,Sevier,2020-10-20 17:39:21.987463,2020-05-06 00:00:00.000000,0.00000000,0.00000000,0.00000000,0,0,0,0,0,0,0.00000000,0.00000000,0.00000000,0.18043118,0.19866151,0.21689284
49041,0,USUtahSevier,Utah,Sevier,2020-10-20 17:39:21.987463,2020-05-07 00:00:00.000000,0.00000000,0.00000000,0.00000000,0,0,0,0,0,0,0.00000000,0.00000000,0.00000000,0.18034597,0.19684057,0.21333551
49041,0,USUtahSevier,Utah,Sevier,2020-10-20 17:39:21.987463,2020-05-08 00:00:00.000000,0.00000000,0.00000000,0.00000000,0,0,0,0,0,0,0.00000000,0.00000000,0.00000000,0.18004195,0.19455218,0.20906228
49041,0,USUtahSevier,Utah,Sevier,2020-10-20 17:39:21.987463,2020-05-09 00:00:00.000000,0.00000000,0.00000000,0.00000000,0,0,0,0,0,0,0.00000000,0.00000000,0.00000000,0.17946121,0.19205909,0.20465678
49041,0,USUtahSevier,Utah,Sevier,2020-10-20 17:39:21.987463,2020-05-10 00:00:00.000000,0.00000000,0.00000000,0.00000000,0,0,0,0,0,0,0.00000000,0.00000000,0.00000000,0.17858580,0.18963899,0.20069238
49041,0,USUtahSevier,Utah,Sevier,2020-10-20 17:39:21.987463,2020-05-11 00:00:00.000000,0.00000000,0.00000000,0.00000000,0,0,0,0,0,0,0.00000000,0.00000000,0.00000000,0.17757967,0.18753885,0.19749871
49041,0,USUtahSevier,Utah,Sevier,2020-10-20 17:39:21.987463,2020-05-12 00:00:00.000000,0.00000000,0.00000000,0.00000000,0,0,0,0,0,0,0.00000000,0.00000000,0.00000000,0.17672586,0.18591164,0.19509657
49041,0,USUtahSevier,Utah,Sevier,2020-10-20 17:39:21.987463,2020-05-13 00:00:00.000000,0.00000000,0.00000000,0.00000000,0,0,0,0,0,0,0.00000000,0.00000000,0.00000000,0.17618165,0.18475515,0.19332934
49041,0,USUtahSevier,Utah,Sevier,2020-10-20 17:39:21.987463,2020-05-14 00:00:00.000000,0.00000000,0.00000000,0.00000000,0,0,0,0,0,0,0.00000000,0.00000000,0.00000000,0.17593649,0.18398433,0.19203572
49041,0,USUtahSevier,Utah,Sevier,2020-10-20 17:39:21.987463,2020-05-15 00:00:00.000000,0.00000000,0.00000000,0.00000000,0,0,0,0,0,0,0.00000000,0.00000000,0.00000000,0.17595518,0.18354989,0.19115170
49041,0,USUtahSevier,Utah,Sevier,2020-10-20 17:39:21.987463,2020-05-16 00:00:00.000000,0.00000000,0.00000000,0.00000000,0,0,0,0,0,0,0.00000000,0.00000000,0.00000000,0.17630846,0.18348652,0.19067483
49041,0,USUtahSevier,Utah,Sevier,2020-10-20 17:39:21.987463,2020-05-17 00:00:00.000000,0.00000000,0.00000000,0.00000000,0,0,0,0,0,0,0.00000000,0.00000000,0.00000000,0.17723958,0.18391366,0.19059994
49041,0,USUtahSevier,Utah,Sevier,2020-10-20 17:39:21.987463,2020-05-18 00:00:00.000000,0.00000000,0.00000000,0.00000000,0,0,0,0,0,0,0.00000000,0.00000000,0.00000000,0.17886981,0.18489025,0.19092040
49041,0,USUtahSevier,Utah,Sevier,2020-10-20 17:39:21.987463,2020-05-19 00:00:00.000000,0.00000000,0.00000000,0.00000000,0,0,0,0,0,0,0.00000000,0.00000000,0.00000000,0.18318742,0.18742170,0.19165780
49041,0,USUtahSevier,Utah,Sevier,2020-10-20 17:39:21.987463,2020-05-20 00:00:00.000000,0.00000000,0.00000000,0.00000000,0,0,0,0,0,0,0.00000000,0.00000000,0.00000000,0.19285008,0.19335963,0.19387121
49041,0,USUtahSevier,Utah,Sevier,2020-10-20 17:39:21.987463,2020-05-21 00:00:00.000000,0.00000000,0.00000000,0.00000000,0,0,0,0,0,0,0.00000000,0.00000000,0.00000000,0.19457891,0.20282878,0.21109006
49041,0,USUtahSevier,Utah,Sevier,2020-10-20 17:39:21.987463,2020-05-22 00:00:00.000000,0.00000000,0.00000000,0.00000000,0,0,0,0,0,0,0.00000000,0.00000000,0.00000000,0.19680528,0.21371899,0.23064617
49041,0,USUtahSevier,Utah,Sevier,2020-10-20 17:39:21.987463,2020-05-23 00:00:00.000000,0.00000000,0.00000000,0.00000000,0,0,0,0,0,0,0.00000000,0.00000000,0.00000000,0.19935112,0.22262435,0.24590795
49041,0,USUtahSevier,Utah,Sevier,2020-10-20 17:39:21.987463,2020-05-24 00:00:00.000000,0.00000000,0.00000000,0.00000000,0,0,0,0,0,0,0.00000000,0.00000000,0.00000000,0.20182139,0.22825708,0.25469770
49041,0,USUtahSevier,Utah,Sevier,2020-10-20 17:39:21.987463,2020-05-25 00:00:00.000000,0.00000000,0.00000000,0.00000000,0,0,0,0,0,0,0.00000000,0.00000000,0.00000000,0.20354665,0.23120125,0.25885754
49041,0,USUtahSevier,Utah,Sevier,2020-10-20 17:39:21.987463,2020-05-26 00:00:00.000000,0.00000000,0.00000000,0.00000000,0,0,0,0,0,0,0.00000000,0.00000000,0.00000000,0.20343779,0.23192656,0.26041451
49041,0,USUtahSevier,Utah,Sevier,2020-10-20 17:39:21.987463,2020-05-27 00:00:00.000000,0.00000000,0.00000000,0.00000000,0,0,0,0,0,0,0.00000000,0.00000000,0.00000000,0.20001761,0.22995849,0.25989762
49041,0,USUtahSevier,Utah,Sevier,2020-10-20 17:39:21.987463,2020-05-28 00:00:00.000000,0.00000000,0.00000000,0.00000000,0,0,0,0,0,0,0.00000000,0.00000000,0.00000000,0.19307881,0.22406380,0.25504819
49041,0,USUtahSevier,Utah,Sevier,2020-10-20 17:39:21.987463,2020-05-29 00:00:00.000000,0.00000000,0.00000000,0.00000000,0,0,0,0,0,0,0.00000000,0.00000000,0.00000000,0.18590618,0.21357678,0.24124509
49041,0,USUtahSevier,Utah,Sevier,2020-10-20 17:39:21.987463,2020-05-30 00:00:00.000000,0.00000000,0.00000000,0.00000000,0,0,0,0,0,0,0.00000000,0.00000000,0.00000000,0.18169948,0.20339357,0.22508362
49041,0,USUtahSevier,Utah,Sevier,2020-10-20 17:39:21.987463,2020-05-31 00:00:00.000000,0.00000000,0.00000000,0.00000000,0,0,0,0,0,0,0.00000000,0.00000000,0.00000000,0.18034602,0.19897966,0.21760698
49041,0,USUtahSevier,Utah,Sevier,2020-10-20 17:39:21.987463,2020-06-01 00:00:00.000000,0.00000000,0.00000000,0.00000000,0,0,0,0,0,0,0.00000000,0.00000000,0.00000000,0.18088443,0.19817962,0.21546545
49041,0,USUtahSevier,Utah,Sevier,2020-10-20 17:39:21.987463,2020-06-02 00:00:00.000000,0.00000000,0.00000000,0.00000000,0,0,0,0,0,0,0.00000000,0.00000000,0.00000000,0.18319441,0.19898559,0.21476569
49041,0,USUtahSevier,Utah,Sevier,2020-10-20 17:39:21.987463,2020-06-03 00:00:00.000000,0.00000000,0.00000000,0.00000000,0,0,0,0,0,0,0.00000000,0.00000000,0.00000000,0.18804229,0.20117268,0.21428929
49041,0,USUtahSevier,Utah,Sevier,2020-10-20 17:39:21.987463,2020-06-04 00:00:00.000000,0.00000000,0.00000000,0.00000000,0,0,0,0,0,0,0.00000000,0.00000000,0.00000000,0.19650750,0.20513930,0.21375461
49041,0,USUtahSevier,Utah,Sevier,2020-10-20 17:39:21.987463,2020-06-05 00:00:00.000000,0.00000000,0.00000000,0.00000000,0,0,0,0,0,0,0.00000000,0.00000000,0.00000000,0.20851169,0.21083788,0.21314785
49041,0,USUtahSevier,Utah,Sevier,2020-10-20 17:39:21.987463,2020-06-06 00:00:00.000000,0.00000000,0.00000000,0.00000000,0,0,0,0,0,0,0.00000000,0.00000000,0.00000000,0.21255252,0.21699509,0.22145003
49041,0,USUtahSevier,Utah,Sevier,2020-10-20 17:39:21.987463,2020-06-07 00:00:00.000000,0.00000000,0.00000000,0.00000000,0,0,0,0,0,0,0.00000000,0.00000000,0.00000000,0.21210312,0.22192908,0.23176494
49041,0,USUtahSevier,Utah,Sevier,2020-10-20 17:39:21.987463,2020-06-08 00:00:00.000000,0.00000000,0.00000000,0.00000000,0,0,0,0,0,0,0.00000000,0.00000000,0.00000000,0.21192888,0.22496576,0.23801054
49041,0,USUtahSevier,Utah,Sevier,2020-10-20 17:39:21.987463,2020-06-09 00:00:00.000000,0.00000000,0.00000000,0.00000000,0,0,0,0,0,0,0.00000000,0.00000000,0.00000000,0.21222218,0.22640449,0.24059385
49041,0,USUtahSevier,Utah,Sevier,2020-10-20 17:39:21.987463,2020-06-10 00:00:00.000000,0.00000000,0.00000000,0.00000000,0,0,0,0,0,0,0.00000000,0.00000000,0.00000000,0.21335850,0.22663864,0.23992548
49041,0,USUtahSevier,Utah,Sevier,2020-10-20 17:39:21.987463,2020-06-11 00:00:00.000000,0.00000000,0.00000000,0.00000000,0,0,0,0,0,0,0.00000000,0.00000000,0.00000000,0.21592454,0.22591400,0.23590919
49041,0,USUtahSevier,Utah,Sevier,2020-10-20 17:39:21.987463,2020-06-12 00:00:00.000000,0.00000000,0.00000000,0.00000000,0,0,0,0,0,0,0.00000000,0.00000000,0.00000000,0.22017773,0.22494416,0.22971758
49041,0,USUtahSevier,Utah,Sevier,2020-10-20 17:39:21.987463,2020-06-13 00:00:00.000000,0.00000000,0.00000000,0.00000000,0,0,0,0,0,0,0.00000000,0.00000000,0.00000000,0.22442710,0.22474004,0.22504314
49041,0,USUtahSevier,Utah,Sevier,2020-10-20 17:39:21.987463,2020-06-14 00:00:00.000000,0.00000000,0.00000000,0.00000000,0,0,0,0,0,0,0.00000000,0.00000000,0.00000000,0.22155351,0.22515792,0.22875057
49041,0,USUtahSevier,Utah,Sevier,2020-10-20 17:39:21.987463,2020-06-15 00:00:00.000000,0.00000000,0.00000000,0.00000000,0,0,0,0,0,0,0.00000000,0.00000000,0.00000000,0.22037837,0.22556508,0.23074022
49041,0,USUtahSevier,Utah,Sevier,2020-10-20 17:39:21.987463,2020-06-16 00:00:00.000000,0.00000000,0.00000000,0.00000000,0,0,0,0,0,0,0.00000000,0.00000000,0.00000000,0.22013089,0.22576227,0.23138288
49041,0,USUtahSevier,Utah,Sevier,2020-10-20 17:39:21.987463,2020-06-17 00:00:00.000000,0.00000000,0.00000000,0.00000000,0,0,0,0,0,0,0.00000000,0.00000000,0.00000000,0.22102752,0.22596584,0.23089467
49041,0,USUtahSevier,Utah,Sevier,2020-10-20 17:39:21.987463,2020-06-18 00:00:00.000000,0.00000000,0.00000000,0.00000000,0,0,0,0,0,0,0.00000000,0.00000000,0.00000000,0.22557427,0.22742342,0.22926918
49041,0,USUtahSevier,Utah,Sevier,2020-10-20 17:39:21.987463,2020-06-19 00:00:00.000000,0.00000000,0.00000000,0.00000000,0,0,0,0,0,0,0.00000000,0.00000000,0.00000000,0.22726683,0.23213273,0.23700329
49041,0,USUtahSevier,Utah,Sevier,2020-10-20 17:39:21.987463,2020-06-20 00:00:00.000000,0.00000000,0.00000000,0.00000000,0,0,0,0,0,0,0.00000000,0.00000000,0.00000000,0.22600823,0.23647839,0.24695560
49041,0,USUtahSevier,Utah,Sevier,2020-10-20 17:39:21.987463,2020-06-21 00:00:00.000000,0.00000000,0.00000000,0.00000000,0,0,0,0,0,0,0.00000000,0.00000000,0.00000000,0.22549308,0.23787732,0.25027158
49041,0,USUtahSevier,Utah,Sevier,2020-10-20 17:39:21.987463,2020-06-22 00:00:00.000000,0.00000000,0.00000000,0.00000000,0,0,0,0,0,0,0.00000000,0.00000000,0.00000000,0.22531955,0.23816265,0.25101627
49041,0,USUtahSevier,Utah,Sevier,2020-10-20 17:39:21.987463,2020-06-23 00:00:00.000000,0.00000000,0.00000000,0.00000000,0,0,0,0,0,0,0.00000000,0.00000000,0.00000000,0.22526212,0.23825970,0.25126772
49041,0,USUtahSevier,Utah,Sevier,2020-10-20 17:39:21.987463,2020-06-24 00:00:00.000000,0.00000000,0.00000000,0.00000000,0,0,0,0,0,0,0.00000000,0.00000000,0.00000000,0.22522984,0.23844014,0.25166057
49041,0,USUtahSevier,Utah,Sevier,2020-10-20 17:39:21.987463,2020-06-25 00:00:00.000000,0.00000000,0.00000000,0.00000000,0,0,0,0,0,0,0.00000000,0.00000000,0.00000000,0.22515372,0.23893394,0.25272420
49041,0,USUtahSevier,Utah,Sevier,2020-10-20 17:39:21.987463,2020-06-26 00:00:00.000000,0.00000000,0.00000000,0.00000000,0,0,0,0,0,0,0.00000000,0.00000000,0.00000000,0.22483657,0.24009787,0.25537210
49041,0,USUtahSevier,Utah,Sevier,2020-10-20 17:39:21.987463,2020-06-27 00:00:00.000000,0.00000000,0.00000000,0.00000000,0,0,0,0,0,0,0.00000000,0.00000000,0.00000000,0.22350294,0.24197390,0.26046106
49041,0,USUtahSevier,Utah,Sevier,2020-10-20 17:39:21.987463,2020-06-28 00:00:00.000000,0.00000000,0.00000000,0.00000000,0,0,0,0,0,0,0.00000000,0.00000000,0.00000000,0.21884572,0.24280173,0.26677377
49041,0,USUtahSevier,Utah,Sevier,2020-10-20 17:39:21.987463,2020-06-29 00:00:00.000000,0.00000000,0.00000000,0.00000000,0,0,0,0,0,0,0.00000000,0.00000000,0.00000000,0.20948193,0.24034876,0.27122938
49041,0,USUtahSevier,Utah,Sevier,2020-10-20 17:39:21.987463,2020-06-30 00:00:00.000000,0.00000000,0.00000000,0.00000000,0,0,0,0,0,0,0.00000000,0.00000000,0.00000000,0.20227222,0.23750123,0.27274522
49041,0,USUtahSevier,Utah,Sevier,2020-10-20 17:39:21.987463,2020-07-01 00:00:00.000000,0.00000000,0.00000000,0.00000000,0,0,0,0,0,0,0.00000000,0.00000000,0.00000000,0.20120354,0.23665854,0.27212705
49041,0,USUtahSevier,Utah,Sevier,2020-10-20 17:39:21.987463,2020-07-02 00:00:00.000000,0.00000000,0.00000000,0.00000000,0,0,0,0,0,0,0.00000000,0.00000000,0.00000000,0.20396589,0.23704265,0.27012407
49041,0,USUtahSevier,Utah,Sevier,2020-10-20 17:39:21.987463,2020-07-03 00:00:00.000000,0.00000000,0.00000000,0.00000000,0,0,0,0,0,0,0.00000000,0.00000000,0.00000000,0.20715368,0.23712747,0.26709872
49041,0,USUtahSevier,Utah,Sevier,2020-10-20 17:39:21.987463,2020-07-04 00:00:00.000000,0.00000000,0.00000000,0.00000000,0,0,0,0,0,0,0.00000000,0.00000000,0.00000000,0.20879942,0.23606535,0.26332414
49041,0,USUtahSevier,Utah,Sevier,2020-10-20 17:39:21.987463,2020-07-05 00:00:00.000000,0.00000000,0.00000000,0.00000000,0,0,0,0,0,0,0.00000000,0.00000000,0.00000000,0.20942673,0.23431709,0.25919827
49041,0,USUtahSevier,Utah,Sevier,2020-10-20 17:39:21.987463,2020-07-06 00:00:00.000000,0.00000000,0.00000000,0.00000000,0,0,0,0,0,0,0.00000000,0.00000000,0.00000000,0.20976896,0.23251817,0.25525744
49041,0,USUtahSevier,Utah,Sevier,2020-10-20 17:39:21.987463,2020-07-07 00:00:00.000000,0.00000000,0.00000000,0.00000000,0,0,0,0,0,0,0.00000000,0.00000000,0.00000000,0.21023252,0.23114334,0.25204529
49041,0,USUtahSevier,Utah,Sevier,2020-10-20 17:39:21.987463,2020-07-08 00:00:00.000000,0.00000000,0.00000000,0.00000000,0,0,0,0,0,0,0.00000000,0.00000000,0.00000000,0.21119698,0.23059105,0.24997790
49041,0,USUtahSevier,Utah,Sevier,2020-10-20 17:39:21.987463,2020-07-09 00:00:00.000000,0.00000000,0.00000000,0.00000000,0,0,0,0,0,0,0.00000000,0.00000000,0.00000000,0.21328667,0.23130313,0.24931445
49041,0,USUtahSevier,Utah,Sevier,2020-10-20 17:39:21.987463,2020-07-10 00:00:00.000000,0.00000000,0.00000000,0.00000000,0,0,0,0,0,0,0.00000000,0.00000000,0.00000000,0.21750377,0.23382874,0.25015061
49041,0,USUtahSevier,Utah,Sevier,2020-10-20 17:39:21.987463,2020-07-11 00:00:00.000000,0.00000000,0.00000000,0.00000000,0,0,0,0,0,0,0.00000000,0.00000000,0.00000000,0.22478159,0.23851106,0.25223625
49041,0,USUtahSevier,Utah,Sevier,2020-10-20 17:39:21.987463,2020-07-12 00:00:00.000000,0.00000000,0.00000000,0.00000000,0,0,0,0,0,0,0.00000000,0.00000000,0.00000000,0.23449044,0.24446450,0.25443888
49041,0,USUtahSevier,Utah,Sevier,2020-10-20 17:39:21.987463,2020-07-13 00:00:00.000000,0.00000000,0.00000000,0.00000000,0,0,0,0,0,0,0.00000000,0.00000000,0.00000000,0.24384577,0.24894641,0.25406917
49041,0,USUtahSevier,Utah,Sevier,2020-10-20 17:39:21.987463,2020-07-14 00:00:00.000000,0.00000000,0.00000000,0.00000000,0,0,0,0,0,0,0.00000000,0.00000000,0.00000000,0.24851393,0.24960989,0.25066083
49041,0,USUtahSevier,Utah,Sevier,2020-10-20 17:39:21.987463,2020-07-15 00:00:00.000000,0.00000000,0.00000000,0.00000000,0,0,0,0,0,0,0.00000000,0.00000000,0.00000000,0.24153589,0.24848946,0.25541249
49041,0,USUtahSevier,Utah,Sevier,2020-10-20 17:39:21.987463,2020-07-16 00:00:00.000000,0.00000000,0.00000000,0.00000000,0,0,0,0,0,0,0.00000000,0.00000000,0.00000000,0.23824579,0.24950194,0.26074962
49041,0,USUtahSevier,Utah,Sevier,2020-10-20 17:39:21.987463,2020-07-17 00:00:00.000000,0.00000000,0.00000000,0.00000000,0,0,0,0,0,0,0.00000000,0.00000000,0.00000000,0.23800820,0.25462487,0.27124117
49041,0,USUtahSevier,Utah,Sevier,2020-10-20 17:39:21.987463,2020-07-18 00:00:00.000000,0.00000000,0.00000000,0.00000000,0,0,0,0,0,0,0.00000000,0.00000000,0.00000000,0.23936944,0.26556193,0.29175902
49041,0,USUtahSevier,Utah,Sevier,2020-10-20 17:39:21.987463,2020-07-19 00:00:00.000000,0.00000000,0.00000000,0.00000000,0,0,0,0,0,0,0.00000000,0.00000000,0.00000000,0.24230125,0.28020511,0.31811316
49041,0,USUtahSevier,Utah,Sevier,2020-10-20 17:39:21.987463,2020-07-20 00:00:00.000000,0.00000000,0.00000000,0.00000000,0,0,0,0,0,0,0.00000000,0.00000000,0.00000000,0.24764536,0.29247935,0.33731624
49041,0,USUtahSevier,Utah,Sevier,2020-10-20 17:39:21.987463,2020-07-21 00:00:00.000000,0.00000000,0.00000000,0.00000000,0,0,0,0,0,0,0.00000000,0.00000000,0.00000000,0.25602340,0.30110403,0.34618542
49041,0,USUtahSevier,Utah,Sevier,2020-10-20 17:39:21.987463,2020-07-22 00:00:00.000000,0.00000000,0.00000000,0.00000000,0,0,0,0,0,0,0.00000000,0.00000000,0.00000000,0.26629451,0.30767852,0.34906370
49041,0,USUtahSevier,Utah,Sevier,2020-10-20 17:39:21.987463,2020-07-23 00:00:00.000000,0.00000000,0.00000000,0.00000000,0,0,0,0,0,0,0.00000000,0.00000000,0.00000000,0.27572488,0.31206648,0.34840661
49041,0,USUtahSevier,Utah,Sevier,2020-10-20 17:39:21.987463,2020-07-24 00:00:00.000000,0.00000000,0.00000000,0.00000000,0,0,0,0,0,0,0.00000000,0.00000000,0.00000000,0.28267104,0.31272221,0.34277038
49041,0,USUtahSevier,Utah,Sevier,2020-10-20 17:39:21.987463,2020-07-25 00:00:00.000000,0.00000000,0.00000000,0.00000000,0,0,0,0,0,0,0.00000000,0.00000000,0.00000000,0.28760074,0.30917951,0.33075839
49041,0,USUtahSevier,Utah,Sevier,2020-10-20 17:39:21.987463,2020-07-26 00:00:00.000000,0.00000000,0.00000000,0.00000000,0,0,0,0,0,0,0.00000000,0.00000000,0.00000000,0.29179951,0.30608371,0.32037072
49041,0,USUtahSevier,Utah,Sevier,2020-10-20 17:39:21.987463,2020-07-27 00:00:00.000000,0.00000000,0.00000000,0.00000000,0,0,0,0,0,0,0.00000000,0.00000000,0.00000000,0.29637796,0.30619635,0.31601928
49041,0,USUtahSevier,Utah,Sevier,2020-10-20 17:39:21.987463,2020-07-28 00:00:00.000000,0.00000000,0.00000000,0.00000000,0,0,0,0,0,0,0.00000000,0.00000000,0.00000000,0.30203663,0.30814677,0.31425962
49041,0,USUtahSevier,Utah,Sevier,2020-10-20 17:39:21.987463,2020-07-29 00:00:00.000000,0.00000000,0.00000000,0.00000000,0,0,0,0,0,0,0.00000000,0.00000000,0.00000000,0.30901796,0.31083868,0.31265874
49041,0,USUtahSevier,Utah,Sevier,2020-10-20 17:39:21.987463,2020-07-30 00:00:00.000000,0.00000000,0.00000000,0.00000000,0,0,0,0,0,0,0.00000000,0.00000000,0.00000000,0.31005311,0.31354960,0.31705204
49041,0,USUtahSevier,Utah,Sevier,2020-10-20 17:39:21.987463,2020-07-31 00:00:00.000000,0.00000000,0.00000000,0.00000000,0,0,0,0,0,0,0.00000000,0.00000000,0.00000000,0.30566809,0.31549878,0.32534230
49041,0,USUtahSevier,Utah,Sevier,2020-10-20 17:39:21.987463,2020-08-01 00:00:00.000000,0.00000000,0.00000000,0.00000000,0,0,0,0,0,0,0.00000000,0.00000000,0.00000000,0.29911080,0.31604079,0.33299147
49041,0,USUtahSevier,Utah,Sevier,2020-10-20 17:39:21.987463,2020-08-02 00:00:00.000000,0.00000000,0.00000000,0.00000000,0,0,0,0,0,0,0.00000000,0.00000000,0.00000000,0.29111828,0.31520917,0.33932505
49041,0,USUtahSevier,Utah,Sevier,2020-10-20 17:39:21.987463,2020-08-03 00:00:00.000000,0.00000000,0.00000000,0.00000000,0,0,0,0,0,0,0.00000000,0.00000000,0.00000000,0.28350057,0.31378444,0.34409438
49041,0,USUtahSevier,Utah,Sevier,2020-10-20 17:39:21.987463,2020-08-04 00:00:00.000000,0.00000000,0.00000000,0.00000000,0,0,0,0,0,0,0.00000000,0.00000000,0.00000000,0.27771595,0.31251078,0.34732958
49041,0,USUtahSevier,Utah,Sevier,2020-10-20 17:39:21.987463,2020-08-05 00:00:00.000000,0.00000000,0.00000000,0.00000000,0,0,0,0,0,0,0.00000000,0.00000000,0.00000000,0.27387839,0.31133763,0.34881872
49041,0,USUtahSevier,Utah,Sevier,2020-10-20 17:39:21.987463,2020-08-06 00:00:00.000000,0.00000000,0.00000000,0.00000000,0,0,0,0,0,0,0.00000000,0.00000000,0.00000000,0.27108890,0.30879083,0.34650777
49041,0,USUtahSevier,Utah,Sevier,2020-10-20 17:39:21.987463,2020-08-07 00:00:00.000000,0.00000000,0.00000000,0.00000000,0,0,0,0,0,0,0.00000000,0.00000000,0.00000000,0.26816910,0.30070653,0.33328672
49041,0,USUtahSevier,Utah,Sevier,2020-10-20 17:39:21.987463,2020-08-08 00:00:00.000000,0.00000000,0.00000000,0.00000000,0,0,0,0,0,0,0.00000000,0.00000000,0.00000000,0.26494194,0.28649819,0.30810209
49041,0,USUtahSevier,Utah,Sevier,2020-10-20 17:39:21.987463,2020-08-09 00:00:00.000000,0.00000000,0.00000000,0.00000000,0,0,0,0,0,0,0.00000000,0.00000000,0.00000000,0.26262373,0.27751955,0.29243434
49041,0,USUtahSevier,Utah,Sevier,2020-10-20 17:39:21.987463,2020-08-10 00:00:00.000000,0.00000000,0.00000000,0.00000000,0,0,0,0,0,0,0.00000000,0.00000000,0.00000000,0.26148120,0.27491026,0.28834761
49041,0,USUtahSevier,Utah,Sevier,2020-10-20 17:39:21.987463,2020-08-11 00:00:00.000000,0.00000000,0.00000000,0.00000000,0,0,0,0,0,0,0.00000000,0.00000000,0.00000000,0.26089115,0.27472600,0.28856798
49041,0,USUtahSevier,Utah,Sevier,2020-10-20 17:39:21.987463,2020-08-12 00:00:00.000000,0.00000000,0.00000000,0.00000000,0,0,0,0,0,0,0.00000000,0.00000000,0.00000000,0.26042294,0.27630358,0.29219249
49041,0,USUtahSevier,Utah,Sevier,2020-10-20 17:39:21.987463,2020-08-13 00:00:00.000000,0.00000000,0.00000000,0.00000000,0,0,0,0,0,0,0.00000000,0.00000000,0.00000000,0.26008727,0.28164543,0.30320991
49041,0,USUtahSevier,Utah,Sevier,2020-10-20 17:39:21.987463,2020-08-14 00:00:00.000000,0.00000000,0.00000000,0.00000000,0,0,0,0,0,0,0.00000000,0.00000000,0.00000000,0.26241329,0.29334405,0.32426966
49041,0,USUtahSevier,Utah,Sevier,2020-10-20 17:39:21.987463,2020-08-15 00:00:00.000000,0.00000000,0.00000000,0.00000000,0,0,0,0,0,0,0.00000000,0.00000000,0.00000000,0.27649811,0.31024909,0.34400820
49041,0,USUtahSevier,Utah,Sevier,2020-10-20 17:39:21.987463,2020-08-16 00:00:00.000000,0.00000000,0.00000000,0.00000000,0,0,0,0,0,0,0.00000000,0.00000000,0.00000000,0.28375512,0.31835704,0.35298885
49041,0,USUtahSevier,Utah,Sevier,2020-10-20 17:39:21.987463,2020-08-17 00:00:00.000000,0.00000000,0.00000000,0.00000000,0,0,0,0,0,0,0.00000000,0.00000000,0.00000000,0.28233862,0.31852500,0.35474783
49041,0,USUtahSevier,Utah,Sevier,2020-10-20 17:39:21.987463,2020-08-18 00:00:00.000000,0.00000000,0.00000000,0.00000000,0,0,0,0,0,0,0.00000000,0.00000000,0.00000000,0.27943952,0.31602628,0.35265480
49041,0,USUtahSevier,Utah,Sevier,2020-10-20 17:39:21.987463,2020-08-19 00:00:00.000000,0.00000000,0.00000000,0.00000000,0,0,0,0,0,0,0.00000000,0.00000000,0.00000000,0.27612793,0.31145619,0.34683145
49041,0,USUtahSevier,Utah,Sevier,2020-10-20 17:39:21.987463,2020-08-20 00:00:00.000000,0.00000000,0.00000000,0.00000000,0,0,0,0,0,0,0.00000000,0.00000000,0.00000000,0.27277892,0.30431202,0.33588923
49041,0,USUtahSevier,Utah,Sevier,2020-10-20 17:39:21.987463,2020-08-21 00:00:00.000000,0.00000000,0.00000000,0.00000000,0,0,0,0,0,0,0.00000000,0.00000000,0.00000000,0.26971748,0.29460155,0.31951425
49041,0,USUtahSevier,Utah,Sevier,2020-10-20 17:39:21.987463,2020-08-22 00:00:00.000000,0.00000000,0.00000000,0.00000000,0,0,0,0,0,0,0.00000000,0.00000000,0.00000000,0.26716407,0.28412230,0.30110241
49041,0,USUtahSevier,Utah,Sevier,2020-10-20 17:39:21.987463,2020-08-23 00:00:00.000000,0.00000000,0.00000000,0.00000000,0,0,0,0,0,0,0.00000000,0.00000000,0.00000000,0.26519385,0.27553361,0.28589806
49041,0,USUtahSevier,Utah,Sevier,2020-10-20 17:39:21.987463,2020-08-24 00:00:00.000000,0.00000000,0.00000000,0.00000000,0,0,0,0,0,0,0.00000000,0.00000000,0.00000000,0.26377832,0.26989283,0.27602550
49041,0,USUtahSevier,Utah,Sevier,2020-10-20 17:39:21.987463,2020-08-25 00:00:00.000000,0.00000000,0.00000000,0.00000000,0,0,0,0,0,0,0.00000000,0.00000000,0.00000000,0.26293537,0.26661008,0.27029716
49041,0,USUtahSevier,Utah,Sevier,2020-10-20 17:39:21.987463,2020-08-26 00:00:00.000000,0.00000000,0.00000000,0.00000000,0,0,0,0,0,0,0.00000000,0.00000000,0.00000000,0.26347773,0.26515047,0.26682910
49041,0,USUtahSevier,Utah,Sevier,2020-10-20 17:39:21.987463,2020-08-27 00:00:00.000000,0.00000000,0.00000000,0.00000000,0,0,0,0,0,0,0.00000000,0.00000000,0.00000000,0.26433214,0.26751389,0.27068474
49041,0,USUtahSevier,Utah,Sevier,2020-10-20 17:39:21.987463,2020-08-28 00:00:00.000000,0.00000000,0.00000000,0.00000000,0,0,0,0,0,0,0.00000000,0.00000000,0.00000000,0.26221650,0.27576579,0.28930523
49041,0,USUtahSevier,Utah,Sevier,2020-10-20 17:39:21.987463,2020-08-29 00:00:00.000000,0.00000000,0.00000000,0.00000000,0,0,0,0,0,0,0.00000000,0.00000000,0.00000000,0.26028347,0.27954880,0.29880079
49041,0,USUtahSevier,Utah,Sevier,2020-10-20 17:39:21.987463,2020-08-30 00:00:00.000000,0.00000000,0.00000000,0.00000000,0,0,0,0,0,0,0.00000000,0.00000000,0.00000000,0.25855899,0.27947943,0.30038478
49041,0,USUtahSevier,Utah,Sevier,2020-10-20 17:39:21.987463,2020-08-31 00:00:00.000000,0.00000000,0.00000000,0.00000000,0,0,0,0,0,0,0.00000000,0.00000000,0.00000000,0.25712813,0.27887288,0.30059791
49041,0,USUtahSevier,Utah,Sevier,2020-10-20 17:39:21.987463,2020-09-01 00:00:00.000000,0.00000000,0.00000000,0.00000000,0,0,0,0,0,0,0.00000000,0.00000000,0.00000000,0.25607613,0.27840695,0.30071458
49041,0,USUtahSevier,Utah,Sevier,2020-10-20 17:39:21.987463,2020-09-02 00:00:00.000000,0.00000000,0.00000000,0.00000000,0,0,0,0,0,0,0.00000000,0.00000000,0.00000000,0.25553537,0.27824195,0.30092297
49041,0,USUtahSevier,Utah,Sevier,2020-10-20 17:39:21.987463,2020-09-03 00:00:00.000000,0.00000000,0.00000000,0.00000000,0,0,0,0,0,0,0.00000000,0.00000000,0.00000000,0.25594563,0.27862369,0.30127464
49041,0,USUtahSevier,Utah,Sevier,2020-10-20 17:39:21.987463,2020-09-04 00:00:00.000000,0.00000000,0.00000000,0.00000000,0,0,0,0,0,0,0.00000000,0.00000000,0.00000000,0.25876077,0.28029047,0.30179191
49041,0,USUtahSevier,Utah,Sevier,2020-10-20 17:39:21.987463,2020-09-05 00:00:00.000000,0.00000000,0.00000000,0.00000000,0,0,0,0,0,0,0.00000000,0.00000000,0.00000000,0.26761219,0.28504750,0.30244860
49041,0,USUtahSevier,Utah,Sevier,2020-10-20 17:39:21.987463,2020-09-06 00:00:00.000000,0.00000000,0.00000000,0.00000000,0,0,0,0,0,0,0.00000000,0.00000000,0.00000000,0.28611560,0.29465691,0.30315598
49041,0,USUtahSevier,Utah,Sevier,2020-10-20 17:39:21.987463,2020-09-07 00:00:00.000000,0.00000000,0.00000000,0.00000000,0,0,0,0,0,0,0.00000000,0.00000000,0.00000000,0.30377064,0.30557924,0.30743401
49041,0,USUtahSevier,Utah,Sevier,2020-10-20 17:39:21.987463,2020-09-08 00:00:00.000000,0.00000000,0.00000000,0.00000000,0,0,0,0,0,0,0.00000000,0.00000000,0.00000000,0.30419199,0.31217929,0.32020992
49041,0,USUtahSevier,Utah,Sevier,2020-10-20 17:39:21.987463,2020-09-09 00:00:00.000000,0.00000000,0.00000000,0.00000000,0,0,0,0,0,0,0.00000000,0.00000000,0.00000000,0.30425317,0.31470776,0.32520280
49041,0,USUtahSevier,Utah,Sevier,2020-10-20 17:39:21.987463,2020-09-10 00:00:00.000000,0.00000000,0.00000000,0.00000000,0,0,0,0,0,0,0.00000000,0.00000000,0.00000000,0.30365124,0.31519429,0.32677678
49041,0,USUtahSevier,Utah,Sevier,2020-10-20 17:39:21.987463,2020-09-11 00:00:00.000000,0.00000000,0.00000000,0.00000000,0,0,0,0,0,0,0.00000000,0.00000000,0.00000000,0.30207926,0.31430358,0.32656807
49041,0,USUtahSevier,Utah,Sevier,2020-10-20 17:39:21.987463,2020-09-12 00:00:00.000000,0.00000000,0.00000000,0.00000000,0,0,0,0,0,0,0.00000000,0.00000000,0.00000000,0.30011420,0.31091889,0.32175908
49041,0,USUtahSevier,Utah,Sevier,2020-10-20 17:39:21.987463,2020-09-13 00:00:00.000000,0.00000000,0.00000000,0.00000000,0,0,0,0,0,0,0.00000000,0.00000000,0.00000000,0.29883719,0.30039436,0.30198420
49041,0,USUtahSevier,Utah,Sevier,2020-10-20 17:39:21.987463,2020-09-14 00:00:00.000000,0.00000000,0.00000000,0.00000000,0,0,0,0,0,0,0.00000000,0.00000000,0.00000000,0.27555334,0.28694214,0.29831272
49041,0,USUtahSevier,Utah,Sevier,2020-10-20 17:39:21.987463,2020-09-15 00:00:00.000000,0.00000000,0.00000000,0.00000000,0,0,0,0,0,0,0.00000000,0.00000000,0.00000000,0.26785626,0.28296131,0.29806957
49041,0,USUtahSevier,Utah,Sevier,2020-10-20 17:39:21.987463,2020-09-16 00:00:00.000000,0.00000000,0.00000000,0.00000000,0,0,0,0,0,0,0.00000000,0.00000000,0.00000000,0.27168469,0.28476098,0.29784223
49041,0,USUtahSevier,Utah,Sevier,2020-10-20 17:39:21.987463,2020-09-17 00:00:00.000000,0.00000000,0.00000000,0.00000000,0,0,0,0,0,0,0.00000000,0.00000000,0.00000000,0.28028467,0.28886747,0.29745240
49041,0,USUtahSevier,Utah,Sevier,2020-10-20 17:39:21.987463,2020-09-18 00:00:00.000000,0.00000000,0.00000000,0.00000000,0,0,0,0,0,0,0.00000000,0.00000000,0.00000000,0.29104517,0.29392732,0.29681161
49041,0,USUtahSevier,Utah,Sevier,2020-10-20 17:39:21.987463,2020-09-19 00:00:00.000000,0.00000000,0.00000000,0.00000000,0,0,0,0,0,0,0.00000000,0.00000000,0.00000000,0.29600433,0.29871343,0.30141785
49041,0,USUtahSevier,Utah,Sevier,2020-10-20 17:39:21.987463,2020-09-20 00:00:00.000000,0.00000000,0.00000000,0.00000000,0,0,0,0,0,0,0.00000000,0.00000000,0.00000000,0.29519958,0.30231897,0.30943033
49041,0,USUtahSevier,Utah,Sevier,2020-10-20 17:39:21.987463,2020-09-21 00:00:00.000000,0.00000000,0.00000000,0.00000000,0,0,0,0,0,0,0.00000000,0.00000000,0.00000000,0.29416799,0.30445786,0.31473869
49041,0,USUtahSevier,Utah,Sevier,2020-10-20 17:39:21.987463,2020-09-22 00:00:00.000000,0.00000000,0.00000000,0.00000000,0,0,0,0,0,0,0.00000000,0.00000000,0.00000000,0.29215936,0.30514773,0.31812828
49041,0,USUtahSevier,Utah,Sevier,2020-10-20 17:39:21.987463,2020-09-23 00:00:00.000000,0.00000000,0.00000000,0.00000000,0,0,0,0,0,0,0.00000000,0.00000000,0.00000000,0.28770171,0.30424637,0.32078587
49041,0,USUtahSevier,Utah,Sevier,2020-10-20 17:39:21.987463,2020-09-24 00:00:00.000000,0.00000000,0.00000000,0.00000000,0,0,0,0,0,0,0.00000000,0.00000000,0.00000000,0.27883921,0.30150944,0.32417713
49041,0,USUtahSevier,Utah,Sevier,2020-10-20 17:39:21.987463,2020-09-25 00:00:00.000000,0.00000000,0.00000000,0.00000000,0,0,0,0,0,0,0.00000000,0.00000000,0.00000000,0.26554608,0.29795369,0.33036152
49041,0,USUtahSevier,Utah,Sevier,2020-10-20 17:39:21.987463,2020-09-26 00:00:00.000000,0.00000000,0.00000000,0.00000000,0,0,0,0,0,0,0.00000000,0.00000000,0.00000000,0.25228644,0.29697686,0.34167439
49041,0,USUtahSevier,Utah,Sevier,2020-10-20 17:39:21.987463,2020-09-27 00:00:00.000000,0.00000000,0.00000000,0.00000000,0,0,0,0,0,0,0.00000000,0.00000000,0.00000000,0.24350272,0.30067044,0.35785163
49041,0,USUtahSevier,Utah,Sevier,2020-10-20 17:39:21.987463,2020-09-28 00:00:00.000000,0.00000000,0.00000000,0.00000000,0,0,0,0,0,0,0.00000000,0.00000000,0.00000000,0.23917374,0.30612058,0.37308024
49041,0,USUtahSevier,Utah,Sevier,2020-10-20 17:39:21.987463,2020-09-29 00:00:00.000000,0.00000000,0.00000000,0.00000000,0,0,0,0,0,0,0.00000000,0.00000000,0.00000000,0.23745648,0.30883764,0.38023357
49041,0,USUtahSevier,Utah,Sevier,2020-10-20 17:39:21.987463,2020-09-30 00:00:00.000000,0.00000000,0.00000000,0.00000000,0,0,0,0,0,0,0.00000000,0.00000000,0.00000000,0.23725912,0.30624915,0.37525004
49041,0,USUtahSevier,Utah,Sevier,2020-10-20 17:39:21.987463,2020-10-01 00:00:00.000000,0.00000000,0.00000000,0.00000000,0,0,0,0,0,0,0.00000000,0.00000000,0.00000000,0.23910758,0.29983435,0.36057539
49041,0,USUtahSevier,Utah,Sevier,2020-10-20 17:39:21.987463,2020-10-02 00:00:00.000000,0.00000000,0.00000000,0.00000000,0,0,0,0,0,0,0.00000000,0.00000000,0.00000000,0.24671073,0.29749482,0.34830010
49041,0,USUtahSevier,Utah,Sevier,2020-10-20 17:39:21.987463,2020-10-03 00:00:00.000000,0.00000000,0.00000000,0.00000000,0,0,0,0,0,0,0.00000000,0.00000000,0.00000000,0.26559931,0.30438236,0.34319520
49041,0,USUtahSevier,Utah,Sevier,2020-10-20 17:39:21.987463,2020-10-04 00:00:00.000000,0.00000000,0.00000000,0.00000000,0,0,0,0,0,0,0.00000000,0.00000000,0.00000000,0.28661731,0.31430570,0.34202693
49041,0,USUtahSevier,Utah,Sevier,2020-10-20 17:39:21.987463,2020-10-05 00:00:00.000000,0.00000000,0.00000000,0.00000000,0,0,0,0,0,0,0.00000000,0.00000000,0.00000000,0.29697383,0.31987113,0.34280536
49041,0,USUtahSevier,Utah,Sevier,2020-10-20 17:39:21.987463,2020-10-06 00:00:00.000000,0.00000000,0.00000000,0.00000000,0,0,0,0,0,0,0.00000000,0.00000000,0.00000000,0.30094923,0.32332002,0.34572946
49041,0,USUtahSevier,Utah,Sevier,2020-10-20 17:39:21.987463,2020-10-07 00:00:00.000000,0.00000000,0.00000000,0.00000000,0,0,0,0,0,0,0.00000000,0.00000000,0.00000000,0.30353963,0.32784564,0.35218610
49041,0,USUtahSevier,Utah,Sevier,2020-10-20 17:39:21.987463,2020-10-08 00:00:00.000000,0.00000000,0.00000000,0.00000000,0,0,0,0,0,0,0.00000000,0.00000000,0.00000000,0.30662042,0.33452081,0.36244435
49041,0,USUtahSevier,Utah,Sevier,2020-10-20 17:39:21.987463,2020-10-09 00:00:00.000000,0.00000000,0.00000000,0.00000000,0,0,0,0,0,0,0.00000000,0.00000000,0.00000000,0.31097276,0.34193837,0.37291072
49041,0,USUtahSevier,Utah,Sevier,2020-10-20 17:39:21.987463,2020-10-10 00:00:00.000000,0.00000000,0.00000000,0.00000000,0,0,0,0,0,0,0.00000000,0.00000000,0.00000000,0.31709570,0.34841858,0.37974238
49041,0,USUtahSevier,Utah,Sevier,2020-10-20 17:39:21.987463,2020-10-11 00:00:00.000000,0.00000000,0.00000000,0.00000000,0,0,0,0,0,0,0.00000000,0.00000000,0.00000000,0.32527980,0.35414365,0.38300816
49041,0,USUtahSevier,Utah,Sevier,2020-10-20 17:39:21.987463,2020-10-12 00:00:00.000000,0.00000000,0.00000000,0.00000000,0,0,0,0,0,0,0.00000000,0.00000000,0.00000000,0.33543345,0.35988002,0.38432842
49041,0,USUtahSevier,Utah,Sevier,2020-10-20 17:39:21.987463,2020-10-13 00:00:00.000000,0.00000000,0.00000000,0.00000000,0,0,0,0,0,0,0.00000000,0.00000000,0.00000000,0.34688825,0.36583963,0.38479325
49041,0,USUtahSevier,Utah,Sevier,2020-10-20 17:39:21.987463,2020-10-14 00:00:00.000000,0.00000000,0.00000000,0.00000000,0,0,0,0,0,0,0.00000000,0.00000000,0.00000000,0.35845627,0.37161843,0.38478380
49041,0,USUtahSevier,Utah,Sevier,2020-10-20 17:39:21.987463,2020-10-15 00:00:00.000000,0.00000000,0.00000000,0.00000000,0,0,0,0,0,0,0.00000000,0.00000000,0.00000000,0.36876472,0.37631880,0.38387566
49041,0,USUtahSevier,Utah,Sevier,2020-10-20 17:39:21.987463,2020-10-16 00:00:00.000000,0.00000000,0.00000000,0.00000000,0,0,0,0,0,0,0.00000000,0.00000000,0.00000000,0.37665497,0.37791833,0.37918689
49041,0,USUtahSevier,Utah,Sevier,2020-10-20 17:39:21.987463,2020-10-17 00:00:00.000000,0.00000000,0.00000000,0.00000000,0,0,0,0,0,0,0.00000000,0.00000000,0.00000000,0.35961508,0.37050623,0.38137279
49041,0,USUtahSevier,Utah,Sevier,2020-10-20 17:39:21.987463,2020-10-18 00:00:00.000000,0.00000000,0.00000000,0.00000000,0,0,0,0,0,0,0.00000000,0.00000000,0.00000000,0.31165837,0.34713900,0.38258551
49041,0,USUtahSevier,Utah,Sevier,2020-10-20 17:39:21.987463,2020-10-19 00:00:00.000000,0.00000000,0.00000000,0.00000000,0,0,0,0,0,0,0.00000000,0.00000000,0.00000000,0.26820983,0.32454718,0.38086660
49041,0,USUtahSevier,Utah,Sevier,2020-10-20 17:39:21.987463,2020-10-20 00:00:00.000000,0.00000000,0.00000000,0.00000000,0,0,0,0,0,0,0.00000000,0.00000000,0.00000000,0.25274998,0.31530570,0.37784106
49041,0,USUtahSevier,Utah,Sevier,2020-10-20 17:39:21.987463,2020-10-21 00:00:00.000000,0.00000000,0.00000000,0.00000000,0,0,0,0,0,0,0.00000000,0.00000000,0.00000000,0.24918824,0.31220793,0.37520356
49041,0,USUtahSevier,Utah,Sevier,2020-10-20 17:39:21.987463,2020-10-22 00:00:00.000000,0.00000000,0.00000000,0.00000000,0,0,0,0,0,0,0.00000000,0.00000000,0.00000000,0.24845851,0.31104033,0.37359811
49041,0,USUtahSevier,Utah,Sevier,2020-10-20 17:39:21.987463,2020-10-23 00:00:00.000000,0.00000000,0.00000000,0.00000000,0,0,0,0,0,0,0.00000000,0.00000000,0.00000000,0.24831270,0.31058278,0.37282850
49041,0,USUtahSevier,Utah,Sevier,2020-10-20 17:39:21.987463,2020-10-24 00:00:00.000000,0.00000000,0.00000000,0.00000000,0,0,0,0,0,0,0.00000000,0.00000000,0.00000000,0.24828371,0.31041817,0.37252811
49041,0,USUtahSevier,Utah,Sevier,2020-10-20 17:39:21.987463,2020-10-25 00:00:00.000000,0.00000000,0.00000000,0.00000000,0,0,0,0,0,0,0.00000000,0.00000000,0.00000000,0.24827795,0.31037259,0.37244263
49041,0,USUtahSevier,Utah,Sevier,2020-10-20 17:39:21.987463,2020-10-26 00:00:00.000000,0.00000000,0.00000000,0.00000000,0,0,0,0,0,0,0.00000000,0.00000000,0.00000000,0.24827681,0.31037096,0.37244062
49041,0,USUtahSevier,Utah,Sevier,2020-10-20 17:39:21.987463,2020-10-27 00:00:00.000000,0.00000000,0.00000000,0.00000000,0,0,0,0,0,0,0.00000000,0.00000000,0.00000000,0.24827658,0.31038246,0.37246396
49041,0,USUtahSevier,Utah,Sevier,2020-10-20 17:39:21.987463,2020-10-28 00:00:00.000000,0.00000000,0.00000000,0.00000000,0,0,0,0,0,0,0.00000000,0.00000000,0.00000000,0.24827654,0.31039545,0.37249006
49041,0,USUtahSevier,Utah,Sevier,2020-10-20 17:39:21.987463,2020-10-29 00:00:00.000000,0.00000000,0.00000000,0.00000000,0,0,0,0,0,0,0.00000000,0.00000000,0.00000000,0.24827653,0.31040625,0.37251173
49041,0,USUtahSevier,Utah,Sevier,2020-10-20 17:39:21.987463,2020-10-30 00:00:00.000000,0.00000000,0.00000000,0.00000000,0,0,0,0,0,0,0.00000000,0.00000000,0.00000000,0.24827652,0.31041424,0.37252774
49041,0,USUtahSevier,Utah,Sevier,2020-10-20 17:39:21.987463,2020-10-31 00:00:00.000000,0.00000000,0.00000000,0.00000000,0,0,0,0,0,0,0.00000000,0.00000000,0.00000000,0.24827652,0.31041982,0.37253890
49041,0,USUtahSevier,Utah,Sevier,2020-10-20 17:39:21.987463,2020-11-01 00:00:00.000000,0.00000000,0.00000000,0.00000000,0,0,0,0,0,0,0.00000000,0.00000000,0.00000000,0.24827652,0.31042357,0.37254641
49041,0,USUtahSevier,Utah,Sevier,2020-10-20 17:39:21.987463,2020-11-02 00:00:00.000000,0.00000000,0.00000000,0.00000000,0,0,0,0,0,0,0.00000000,0.00000000,0.00000000,0.24827652,0.31042603,0.37255136
